epoch,train_total_loss,val_total_loss,train_reconstruction_loss,val_reconstruction_loss,train_common_reconstruction_loss,val_common_reconstruction_loss,train_kl_loss,val_kl_loss,train_market_loss,val_market_loss,train_sector_loss,val_sector_loss,train_idio_loss,val_idio_loss
1,1.0298003433576597,0.9523162245750427,1.0297938304788925,0.9523020386695862,1.0194193826002234,0.8762511014938354,0.00651315810901472,0.014200951904058456,1.051615765671325,1.1122714281082153,1.0168400582145243,0.8858469724655151,1.02092549497006,0.8587877154350281
2,1.0102788529364892,0.9290057420730591,1.0102479979882832,0.9289517402648926,1.003766186097089,0.86684250831604,0.030859508716008243,0.054018836468458176,1.0238820392321917,1.0595953464508057,1.001461150599461,0.8743498921394348,1.005400667003557,0.8529099822044373
3,0.9986056104984159,0.9193131923675537,0.9985339676632601,0.9192085266113281,0.996803043324963,0.8635961413383484,0.07164935387817084,0.10468775033950806,1.0021747459773145,1.0361862182617188,0.9945250819711124,0.8713796138763428,0.9989020088139702,0.8500596880912781
4,0.9944542213982227,0.9255840182304382,0.9943156569611793,0.9253944754600525,0.9937023933416878,0.8619704842567444,0.1385741293235542,0.18953271210193634,0.9956055380939658,1.0588034391403198,0.99173464494593,0.8707977533340454,0.9956067344721626,0.8465822339057922
5,0.9912265726164275,0.9213529229164124,0.9909952380298789,0.9210559725761414,0.9916531112458971,0.8609359860420227,0.2313420190141092,0.29693326354026794,0.9896113607618544,1.0475151538848877,0.989512545610565,0.8694695830345154,0.9938617235694835,0.8461830615997314
6,0.9862473334362304,0.9178033471107483,0.9858674831639708,0.9172684550285339,0.989955496943854,0.8596037030220032,0.3798633615175883,0.5348696112632751,0.9772685474040461,1.0385634899139404,0.987674748975467,0.8674847483634949,0.9926590974034827,0.8457571864128113
7,0.9784543038972842,0.8995228409767151,0.977752592049393,0.8985959887504578,0.9867508014043173,0.8570435643196106,0.7017150069373885,0.9268261790275574,0.9588251970951853,0.9859992861747742,0.9832780143014745,0.8645861744880676,0.9911544895639607,0.8452024459838867
8,0.970466188745561,0.8826448321342468,0.9693911013260387,0.8814125061035156,0.9818132843067443,0.8537256717681885,1.0750910892985226,1.2323447465896606,0.94326161948684,0.9396502375602722,0.9755082512213513,0.8600834012031555,0.9894033763922897,0.8445037603378296
9,0.9646993836546256,0.8692653775215149,0.9635003255862816,0.8680065870285034,0.9787510072483736,0.8511065244674683,1.1990518367368412,1.2587639093399048,0.9314211938116286,0.9035550951957703,0.9705425469703923,0.8565236330032349,0.9885371362461763,0.8439410328865051
10,0.9610654290984658,0.8658466339111328,0.9598499104088428,0.8645448088645935,0.976123537113464,0.8478971719741821,1.2155233929359834,1.3018394708633423,0.9256191008231219,0.8995622396469116,0.9665208057640424,0.8505892753601074,0.9874097646451464,0.8434827923774719
11,0.9570940814766229,0.8633663058280945,0.9557938380958209,0.8619958758354187,0.9721683980592715,0.8447905778884888,1.3002340754652335,1.3704253435134888,0.921350726504731,0.8981865048408508,0.960184673078699,0.8450124263763428,0.9858460371790368,0.8427886962890625
12,0.9553447315116333,0.86185622215271,0.9539763179479861,0.8604663610458374,0.9703169067700704,0.8447434902191162,1.3684172092699538,1.3898792266845703,0.9196047081666834,0.8935384750366211,0.9574246737692091,0.8451837301254272,0.9848994904873418,0.8426766991615295
13,0.952964125115887,0.8618944883346558,0.9515762321310106,0.8605512976646423,0.968537801621007,0.8429248332977295,1.3878967255548713,1.3431663513183594,0.915898361042434,0.8976276516914368,0.954975878880694,0.8423563241958618,0.9838543592714796,0.8416697978973389
14,0.9517603025716894,0.8584373593330383,0.9503687939612694,0.857042670249939,0.9659995456147038,0.8405027389526367,1.3915121415082146,1.3946633338928223,0.917490264169531,0.8918334245681763,0.9510146165205762,0.8385635018348694,0.9826014112023747,0.8407310247421265
15,0.9505033516416362,0.8560307621955872,0.9490199992859286,0.8545001745223999,0.9638023575146993,0.8390138745307922,1.4833520495034511,1.5305935144424438,0.9179260567122814,0.8870747685432434,0.9478078348184723,0.8362373113632202,0.9813260369830661,0.8401883244514465
16,0.948574440931183,0.8548646569252014,0.9470108763065214,0.8533467650413513,0.9621844611136742,0.8377882242202759,1.563554939101724,1.5179024934768677,0.9150940172033373,0.8860734105110168,0.9458589627851848,0.8352917432785034,0.9800796232192345,0.8386750817298889
17,0.9481973889606451,0.8541293144226074,0.946659355381735,0.8526128530502319,0.9611878437933579,0.8369497656822205,1.5380360846425973,1.5164657831192017,0.9160993182970807,0.8855593800544739,0.9446307109072317,0.8342769145965576,0.9792479206533993,0.8380021452903748
18,0.9465750759723139,0.8527397513389587,0.9450480353598502,0.8512135744094849,0.9597159892904992,0.8363433480262756,1.5270412427927154,1.5261718034744263,0.9141946894670624,0.8824922442436218,0.9430193332285662,0.8338649272918701,0.977929976640963,0.8372834324836731
19,0.9451331889707278,0.8519134521484375,0.9435373509631437,0.8502858281135559,0.9581099327872781,0.8350152969360352,1.5958378759084964,1.6275979280471802,0.9128846175530377,0.8824064135551453,0.9411351898916407,0.8319809436798096,0.9765921476619696,0.8364699482917786
20,0.9441105859731537,0.8511289358139038,0.9424706167644925,0.849511444568634,0.9563073243191039,0.8339191675186157,1.6399680204640805,1.6175123453140259,0.9133657423499363,0.8823087811470032,0.9392147699212716,0.8307915329933167,0.9748312410186318,0.835433840751648
21,0.9429097611919727,0.8517681360244751,0.9412192823060976,0.850155770778656,0.954981602095311,0.8326965570449829,1.6904785025353526,1.612351417541504,0.9122708046358395,0.8868802785873413,0.9376554711192262,0.8284434676170349,0.9737314620828317,0.835143506526947
22,0.941983995094798,0.8502793908119202,0.9402786898457147,0.8486155271530151,0.9535825127869649,0.8315970301628113,1.7052930484410205,1.6638383865356445,0.9122946589600807,0.8844127655029297,0.9359168523277333,0.8276371359825134,0.9726244429357691,0.8337963819503784
23,0.9403522941801283,0.8488854169845581,0.9385897673033421,0.847153902053833,0.9518247468798768,0.8307754993438721,1.7625309626261394,1.7315279245376587,0.9107506095973494,0.8816048502922058,0.9338307069017996,0.8264403343200684,0.971187919573067,0.8334162831306458
24,0.9395625836708966,0.8481921553611755,0.9377787261227377,0.8464842438697815,0.9504652132395826,0.830020546913147,1.7838540240830065,1.7079229354858398,0.9110932856603385,0.8811148405075073,0.9324972684087317,0.8256985545158386,0.9697455144396016,0.8326393365859985
25,0.9377954021777982,0.8466036915779114,0.9359473512063619,0.8447684049606323,0.9484836739652297,0.828461766242981,1.8480576650769103,1.8352751731872559,0.9095777974409216,0.8790685534477234,0.9304040705456453,0.8234691619873047,0.967860110834533,0.8317673206329346
26,0.9364052333083808,0.8455560207366943,0.9345013908311433,0.8436945676803589,0.9470000940989824,0.8269169330596924,1.903834787848728,1.861428141593933,0.9082110033315771,0.878985583782196,0.9288501957662745,0.8220820426940918,0.9664428915852815,0.830016016960144
27,0.9353571623758553,0.8438183665275574,0.9334301064217013,0.8419637084007263,0.9454331920037862,0.8257763981819153,1.9270531110514224,1.8546842336654663,0.9081820915727055,0.876012921333313,0.9270738924250883,0.8207650780677795,0.965034241769828,0.8291131258010864
28,0.9340005166390363,0.8429222106933594,0.9320467118344276,0.8410674929618835,0.9439976714015786,0.8242363929748535,1.9537994316200804,1.8547307252883911,0.9069083862834506,0.8764707446098328,0.9257411793166516,0.8187997341156006,0.9634904440711526,0.8279319405555725
29,0.9323404614442314,0.8420803546905518,0.9303664389778586,0.8401670455932617,0.942475349295373,0.8227552771568298,1.9740298028085745,1.9133070707321167,0.9048958545416789,0.876791775226593,0.9243472370446897,0.8170393109321594,0.9618561135398017,0.8266699910163879
30,0.9314467758914224,0.8419444561004639,0.9294140405125089,0.8400434851646423,0.9412622864729439,0.8218448758125305,2.0327330804338644,1.9009857177734375,0.9044917929016687,0.8783232569694519,0.9232262719690411,0.8162192702293396,0.9605239879072102,0.8255878686904907
31,0.9301557833073186,0.8396213054656982,0.9281416508107404,0.837706446647644,0.9400988404267754,0.8207415342330933,2.014130313412037,1.9148473739624023,0.9029902250938167,0.873391330242157,0.922228197256724,0.8148860931396484,0.9592064432069367,0.8248419165611267
32,0.9293325442114687,0.83891361951828,0.9272874550881729,0.8369325399398804,0.93946916488261,0.8205620646476746,2.0450778412663078,1.981095314025879,0.9016637315157972,0.8713668584823608,0.921895889674916,0.8148006200790405,0.9583026186313505,0.824630081653595
33,0.9284468082820668,0.8372882604598999,0.9263395265816083,0.8352635502815247,0.9385208078459197,0.8194499611854553,2.1072864454556135,2.024698257446289,0.9007167118826723,0.8685266375541687,0.9207147690984938,0.8133945465087891,0.9575869912415548,0.8238694071769714
34,0.9257579044578901,0.836500883102417,0.9235958063524533,0.8344696760177612,0.9374053910666821,0.8190081715583801,2.1620977033976634,2.0311777591705322,0.8945479618957619,0.8669921159744263,0.9196806970764609,0.8126027584075928,0.9565586724312477,0.8238139748573303
35,0.9241792177842334,0.834898054599762,0.921989678946975,0.8328260779380798,0.9367677943379271,0.8182241320610046,2.1895331074209774,2.0719528198242188,0.890904542277841,0.8635403513908386,0.9188589406948463,0.8112382888793945,0.9562054436191235,0.823699414730072
36,0.9224224756745731,0.8317260146141052,0.9201919829923343,0.8295645713806152,0.9359452027121401,0.817150354385376,2.2304970844119203,2.161454916000366,0.8870558695855484,0.8556769490242004,0.9181579292989245,0.810890257358551,0.95536208152771,0.8221262693405151
37,0.9200693197499693,0.8293209075927734,0.9177544553295459,0.8271036148071289,0.9347385947221245,0.8153324723243713,2.3148699352164672,2.217275381088257,0.8820291399176604,0.8518637418746948,0.9167665921005548,0.8086618781089783,0.9544675576141457,0.8207852840423584
38,0.9185229376250622,0.8258908987045288,0.9161963307000454,0.8237121105194092,0.9338520999048271,0.8143433332443237,2.326616905873118,2.178800106048584,0.8790582465190514,0.8434188961982727,0.9159344528235641,0.8078104853630066,0.9535961879624261,0.8199069499969482
39,0.9161319062600728,0.8205849528312683,0.9137812373684902,0.8182954788208008,0.9327817473536223,0.8128038644790649,2.350672087638207,2.289449691772461,0.8738145958753972,0.8298468589782715,0.9143188646416259,0.8048438429832458,0.9532102104885126,0.8201956152915955
40,0.9135052721484814,0.8191990852355957,0.9110905547547185,0.8168692588806152,0.9311133584165885,0.8121004700660706,2.4147108115401923,2.32983136177063,0.8689735165608474,0.8269001841545105,0.9123218901017133,0.8039044737815857,0.9519761426776063,0.8198031187057495
41,0.9108832124011969,0.8173452615737915,0.9084656028186574,0.8150168657302856,0.9299346847471848,0.8112109899520874,2.417613874073901,2.3283956050872803,0.8633064093932606,0.823022186756134,0.910485132846957,0.8024400472640991,0.9516051808993021,0.8195882439613342
42,0.9084373864473081,0.812179684638977,0.9060154027409024,0.8098658323287964,0.9283874611449398,0.8097383379936218,2.421985727509642,2.313838481903076,0.8589568375761992,0.8101340532302856,0.9081883816158071,0.8001254200935364,0.9509009103369869,0.8193380236625671
43,0.9069461912111519,0.8097918629646301,0.9045384705456254,0.8074343800544739,0.927151972172307,0.8083556294441223,2.4077143996369603,2.357492446899414,0.8569719884909835,0.8054965734481812,0.9062379489537158,0.7987944483757019,0.9504053674492181,0.8180120587348938
44,0.904957388740739,0.80811607837677,0.9025002460853726,0.8057997822761536,0.9255769143696704,0.8076780438423157,2.4571381129470526,2.316298246383667,0.8539596063638825,0.8018487691879272,0.9039742744046878,0.7975962162017822,0.9495667733398139,0.8179542422294617
45,0.9029292697999992,0.8051437735557556,0.9004746710552889,0.8028159141540527,0.9243521779970406,0.8069943785667419,2.4545957449994056,2.3278450965881348,0.8502494344134736,0.7940266132354736,0.9020037643270555,0.7959753274917603,0.9491707047605826,0.8184457421302795
46,0.9027681389665292,0.8034710884094238,0.9003149676167108,0.8011179566383362,0.9232143529879502,0.806678831577301,2.453167948068357,2.3531343936920166,0.8521471596231648,0.7894207835197449,0.9004255778649274,0.7949798107147217,0.9483720656313928,0.818953275680542
47,0.8998968570060979,0.8026788830757141,0.8974214114394843,0.8002663850784302,0.9214832961948869,0.8064169883728027,2.4754394207125396,2.4124927520751953,0.8468083353603587,0.7873286604881287,0.8975588324802374,0.7943605780601501,0.9478969550600239,0.8191096782684326
48,0.8979980688469082,0.800692081451416,0.8954429345972398,0.7982422113418579,0.9201379383311552,0.8059965372085571,2.555131047379737,2.4498589038848877,0.84349816297394,0.7819312214851379,0.8954482771991904,0.7938010692596436,0.9473822553173389,0.8189941644668579
49,0.8965352952869889,0.8010410666465759,0.8939406700383604,0.7986735105514526,0.9189662224327038,0.8053459525108337,2.59462534680086,2.367572069168091,0.8413006262062421,0.7846382260322571,0.8939195676566729,0.791809618473053,0.9466017087300619,0.8195726275444031
50,0.8955024570421456,0.8004209995269775,0.8929660741020652,0.7979965209960938,0.9186182115592209,0.8038762211799622,2.5363822684568516,2.4244837760925293,0.8390080449627895,0.785628616809845,0.8930260391017191,0.7899251580238342,0.9468640825327705,0.8184356689453125
