epoch,train_total_loss,train_reconstruction_loss,train_selection_score,train_common_reconstruction_loss,train_common_total_loss,train_kl_loss,train_market_loss,train_sector_loss,train_idio_loss
1,1.0036135506561235,1.0036033910701874,1.0039034769239619,1.003635861344571,1.0036460181821665,0.010150391576269518,1.0044664048324057,1.002684444103186,1.0045595636285347
2,0.9825925050620044,0.9824246384568448,0.9793864052302556,0.9902591976720936,0.9904270642772531,0.16787214993743457,0.9565160600871105,0.9831423240711091,0.9985008298148339
3,0.9648125161355098,0.9642233213017928,0.9599325485119559,0.9772832850557926,0.9778724771411687,0.5891981172973897,0.9234361171035327,0.9631381453973072,0.9932233868139965
4,0.9593852270577071,0.958448451087523,0.9540166731183055,0.9725911009208613,0.9735278787805299,0.9367744972451619,0.9149463657686965,0.9566403819779498,0.9904632595842785
5,0.954738939186338,0.9537313479167927,0.9500872437823403,0.9679016592866749,0.9689092505562202,1.00759276086384,0.9126155498391957,0.9495718152791004,0.9880743303285209
6,0.9501028050606807,0.9488901315573657,0.9453731847427764,0.9637427120456091,0.9649553800522422,1.2126681821834113,0.9067338280787729,0.9436381174095769,0.9857476243711686
7,0.9438802685792577,0.942577504802506,0.9370673802125694,0.9607870815810278,0.9620898481061204,1.3027740215361978,0.8871742636394776,0.9396713850134044,0.9843565285721155
8,0.9334725893883609,0.9319858308827843,0.9225338091080745,0.9564961306643417,0.9579828919182594,1.486761175246335,0.8510958643399329,0.9340747758016119,0.9824308411188702
9,0.925931118579007,0.924407843382283,0.9136845776945438,0.9514707567368873,0.9529940264369294,1.5232644489931442,0.8342033777525514,0.9275602368525194,0.9792901129818787
10,0.919283010087027,0.9176253210914238,0.9068762514020936,0.9458033093801493,0.9474610011240935,1.6576885355996123,0.824995224688857,0.9196810201884004,0.975952511218508
11,0.9134754873490127,0.9117707003777583,0.9006382123881184,0.9409764881436351,0.9426812723665485,1.7047774097761434,0.8157887950067217,0.9138758354296945,0.972250050014309
12,0.9070807910102933,0.9052840352745496,0.8919960153893023,0.9375517076305422,0.9393484633662859,1.7967581103102275,0.7961719900111988,0.9105240534293205,0.9692920027273876
13,0.8989107873322985,0.8970259809356601,0.8809181276590748,0.9335810561001473,0.9354658652451265,1.8848061915433372,0.7701444223909626,0.906070441780585,0.9665395371852072
14,0.8914617525053986,0.889545794522728,0.8715754620279977,0.9292958267140458,0.9312117819483754,1.9159515752572491,0.7501636746980959,0.9007211466687557,0.9638415642018276
15,0.8843089122250032,0.8823633927433223,0.8630551742201923,0.9248070155165724,0.9267525349982534,1.9455248691163076,0.7331633559221493,0.8946503206701031,0.9613518323266197
16,0.8791145776809121,0.8770603704177681,0.8577288372028802,0.9203332367135744,0.9223874439767183,2.0542088475625864,0.7260437291705987,0.8885439082937213,0.9585988925238508
17,0.874370254769449,0.8722875904968218,0.8528364556667097,0.9163949159792589,0.9184775802518861,2.0826642362116394,0.7191445255485667,0.8832460569717011,0.9561187877435162
18,0.8715383841599786,0.8694223722051131,0.8505110534536049,0.9131188712133798,0.9152348804199043,2.1160111255535816,0.7188186987332721,0.8792213771803579,0.9534930669265109
19,0.8679946669584049,0.8658385139377385,0.846484209859062,0.9103602148613944,0.9125163651337198,2.1561490651166406,0.7121242820701269,0.8760757341508563,0.9512525972096996
20,0.8607319617477549,0.8585609134061192,0.8373974180358975,0.9060743358361961,0.9082453841778318,2.171049188124687,0.6929390999013477,0.8709856608415543,0.9482674813407986
21,0.8541624467036223,0.8519390642814746,0.8293823177257944,0.9017540498150872,0.9039774322372348,2.223386783764754,0.6771521300335095,0.8660509387079508,0.9449438784239271
22,0.8499023773484683,0.8476192837833327,0.8241205474828781,0.8991228922643304,0.901405985829466,2.283091303250975,0.666357023571685,0.8627323927384632,0.9432722299174547
23,0.8508354372181192,0.8485027500119607,0.8250905582815494,0.8993454216536596,0.901678108859818,2.3326839136458957,0.6688992987448613,0.8640558463695757,0.9423165187368475
24,0.8432570031122103,0.8409087419166346,0.8162312548854509,0.894274764342679,0.8966230255382549,2.34826213756968,0.6520708074487251,0.8575383617142779,0.939084597898148
25,0.8398336799069166,0.8374924211405883,0.8120408101109332,0.8921182298179319,0.89445948858426,2.341261044015802,0.6436020807505342,0.8550794225948345,0.9374409135892686
26,0.8421487390823255,0.8397875222074196,0.8164203860917765,0.8917296533969362,0.8940908730201831,2.3612218947506776,0.6580111892834865,0.8540514314209007,0.9371984994377114
27,0.8375276684417505,0.8351899945426743,0.8112656829680077,0.8882126820190496,0.8905503559181257,2.337671602150205,0.6494116138999675,0.8499601586407818,0.9344252475056937
28,0.835222971370653,0.832799842103414,0.8081701433967788,0.8867940981724763,0.8892172301880564,2.423132947954733,0.6427887003085112,0.848627845560783,0.9330938953144062
29,0.8318950214372245,0.829512377637264,0.8046664106055708,0.8840137546619009,0.8863963984618612,2.382646851306003,0.6377633574716639,0.8454445907980289,0.9307912912767284
30,0.8300222410935834,0.8275926075338974,0.8033885153638527,0.8816881643592109,0.8841177979188969,2.429639715282649,0.6386892696794241,0.8420592259604924,0.9294170610155771
31,0.8324670089081316,0.8300226827176229,0.80698284206198,0.8821995399183774,0.8846438661088861,2.444331446710856,0.6487684466309781,0.8430748032218097,0.9291052653397882
32,0.8252753304473261,0.8228291348696443,0.7984578210957112,0.8775359618904268,0.8799821574681087,2.4461920350704136,0.6321210459261188,0.8371459123724132,0.9261065209633336
33,0.8222647410648357,0.8197846900489213,0.7942412799648317,0.8762082692869115,0.8786883203028258,2.480051865151705,0.6218279205069418,0.8357516927403057,0.9251441945260127
34,0.8171905437189152,0.8147514982938079,0.7892410554185038,0.871931234938267,0.8743702803633742,2.439049845126589,0.6153065067546856,0.8298259535509159,0.9225907083547081
35,0.8118341197541536,0.8093208943732534,0.7832035351898897,0.8677758792635343,0.8702891046444345,2.51322253155777,0.6053099524047257,0.8248434480741319,0.9194571949563041
36,0.8153163553658411,0.8127724086860415,0.7885234622172045,0.8683543018030502,0.8708982484828498,2.5439493477516284,0.6206034816994791,0.8258080425798378,0.9191589230075693
37,0.8139198278144045,0.8113794601616323,0.7869729317230862,0.8674295850377262,0.8699699554388393,2.540369729143742,0.6177364953656705,0.8243873711965269,0.9187949006083376
38,0.8248824104451996,0.8223225379883384,0.8012485780702201,0.8728871869422516,0.8754470593991128,2.5598719655952125,0.650560501673036,0.8312742679194689,0.9219109682253527
39,0.8300234400573313,0.8274067142167765,0.8077199069155052,0.8752905197377163,0.8779072428299302,2.616726589477715,0.6655886460106379,0.8350881949625373,0.9224829010729831
40,0.8093503780598599,0.8067808864096057,0.7819327621020227,0.8637280720111616,0.8662975636614159,2.569484747108877,0.6098806080797564,0.820147222503805,0.9157704855248289
41,0.8002930761070691,0.7977259969848721,0.7710909587505571,0.8579487965498602,0.8605158756720573,2.5670717305340065,0.588390004480263,0.8129156161453951,0.9119672529635581
42,0.7998127133427161,0.7972204523746149,0.7709035157126721,0.8571494493085987,0.8597417102766999,2.5922580789076837,0.5894896704113105,0.8117811879094808,0.9114396838358568
43,0.7950947033912373,0.792474454349331,0.7650115842090903,0.8542187328984483,0.8568389819403547,2.6202480229589367,0.5773689121609119,0.8085045630718858,0.9091612557512883
44,0.7949794139229942,0.792366845119927,0.7658767839330074,0.8527997766516737,0.855412345454741,2.6125664539227222,0.5830387400962433,0.8069080464778098,0.907683545814811
45,0.7955479458704462,0.7929537504138452,0.7667833961739664,0.8532210050810998,0.8558152005377008,2.594194175874122,0.584966357915477,0.8067265616713752,0.9086572788977829
46,0.7971819685584186,0.7945349742081392,0.7697197607683517,0.8528773707340361,0.8555243650843156,2.646995525195207,0.5948020223238283,0.8063368936437008,0.908020371834208
47,0.7902674400153696,0.787618845615332,0.7606171707942094,0.8492230319495847,0.8518716263496223,2.6485914648094506,0.5742393307795786,0.8024365321359992,0.9051756709384643
48,0.7799522844102953,0.7772882963807164,0.7469167989337823,0.8439610962908962,0.8466250843204751,2.6639803974360485,0.5427891697079716,0.7967104544213595,0.9012507868431487
49,0.781483741761628,0.7788182256544701,0.7494303678573037,0.8442572588879368,0.8469227749950947,2.6655147721513206,0.5499668903756211,0.7966378784660647,0.9016863231356618
50,0.7936716050510791,0.7910119193775166,0.7673937104620919,0.8481680613429814,0.850827747016544,2.6596859380903437,0.5974890521005526,0.8005323528556384,0.9041597126883801
51,0.8059774159698047,0.8032312424107313,0.7827780768919403,0.8552193037027584,0.8579654745134909,2.7461723772867956,0.6304017847312631,0.8088556175960244,0.9090768705183904
52,0.7776449959972063,0.7749183500878062,0.7455401803643285,0.8408375291384607,0.8435641750478607,2.7266481967068543,0.5450871867645715,0.7922044447931845,0.8993289357303542
53,0.771996172257734,0.7693136379079791,0.7380303244082316,0.8379750220851183,0.8406575564348732,2.6825364749094938,0.5278017924567121,0.7893325143657431,0.8969566548935618
54,0.7781924978113312,0.775481959241268,0.745909385791086,0.8415453229582619,0.8442558615283251,2.710533803065847,0.5447441282808265,0.7931895481062897,0.8997944650114098
55,0.7596597963520018,0.7569299544655967,0.7225693110430275,0.8309249147901617,0.8336547566765667,2.7298439421640004,0.49464889304438653,0.7804122527669417,0.8926468019183156
56,0.7467228205128431,0.7439792733371086,0.7061628668383837,0.8236014222892629,0.8263449694649974,2.743547090535892,0.4591369212360822,0.7717318124317641,0.8876198793007248
57,0.7403947760804586,0.7376463919963892,0.6983258691576097,0.819916797989727,0.8226651820737965,2.748388479353715,0.4425656153935864,0.767048359260779,0.885363614353048
58,0.7404823241384985,0.7376815008498749,0.6979647127626952,0.8200952177088955,0.8228960437458599,2.800827656424355,0.44106956002348097,0.7681009407002232,0.8847236573180822
59,0.7401547827019815,0.7373731682554789,0.6980820380645114,0.8191741000678422,0.8219557145143448,2.7816175644954275,0.4433711409053473,0.7671821720318424,0.8836928035752574
60,0.7333135238985506,0.7305282787218561,0.6899603807960533,0.8148636390221565,0.8176488841988512,2.785242209860502,0.4272328551633214,0.7614360778063793,0.8812121901800721
61,0.727838998740963,0.725049535204423,0.6835039708044068,0.8110556185073743,0.8138450820439144,2.7894586115130773,0.415205711847767,0.7570826622525966,0.8782235213933829
62,0.7267201683706784,0.7239572189383273,0.6826281336267674,0.8098320739413545,0.8125950233737055,2.7629533562948794,0.4150612051102201,0.7554900075928965,0.8773331880913
63,0.7332290168797936,0.7304176662428579,0.6910041634218838,0.8129657847049944,0.8157771353419301,2.811347719571776,0.43446416650450537,0.7598016375423509,0.8787466825257118
64,0.7232430458755933,0.7204406117156191,0.6793224445681063,0.8067067092021536,0.8095091433621278,2.80243586119726,0.41137618839912526,0.7509401287743956,0.8756509845813345
65,0.7184826638925316,0.7156464651613483,0.6733701107137828,0.8034019094035674,0.8062381081347507,2.836199296654473,0.39985492748211027,0.7479941592436359,0.8722612402624631
66,0.7200989295495003,0.7172572918515384,0.6763967720507201,0.8032037639824046,0.8060454016803664,2.8416336826357442,0.40966483667192266,0.747333384384683,0.872192077574881
67,0.7283015172144865,0.7254376344447178,0.6882889921795737,0.8063294301802556,0.8091933129500244,2.8638794394666247,0.4399970595534322,0.7498861657783003,0.87498377035949
68,0.7171725316418694,0.714335387653164,0.6735958996355018,0.8001903383120336,0.8030274823007392,2.837143866404333,0.4073110632491043,0.744150778917483,0.8693258703957374
69,0.7159837523867143,0.7131077940938109,0.6718088756033598,0.8000054847266557,0.8028814430195591,2.875953956021356,0.4021539497444197,0.743475915203864,0.8697967618617957
70,0.7173788822349966,0.7145294260222905,0.6752297240993819,0.7985961794509668,0.8014456356636729,2.8494514086060976,0.4157347422340074,0.7419807153407709,0.867973708281943
71,0.7129390557492501,0.7100989744711335,0.6688615552630136,0.7975094974556299,0.8003495787337466,2.8400790835663634,0.3982572080594318,0.739746413416409,0.8685810232712143
72,0.7683122989423681,0.7654770341318005,0.7431814376833803,0.8236858152518698,0.8265210828107784,2.835266124274614,0.5738446648938511,0.76999089903378,0.8857087583981604
73,0.763913392505316,0.761020393467774,0.732554987974744,0.8280241432725868,0.8309171423101288,2.8929898436543575,0.5317406139043979,0.7744747501628887,0.8914496196106463
74,0.7778971545634421,0.7749313712120056,0.7508841421487352,0.835947005137243,0.8389127912370203,2.965784865085261,0.5719588333660313,0.781657569861893,0.8990360331810173
75,0.7808257106058192,0.7778866351166102,0.7557021889631618,0.8365490640961815,0.8394881395853906,2.9390718792632264,0.5856449702802927,0.7815957471341839,0.8998658358191894
76,0.7579322970909756,0.7549914904904984,0.7270587017969027,0.822769488312669,0.8257102949131463,2.940807237405255,0.5257360231807665,0.7660612500023086,0.8893788450045956
77,0.7719938591852655,0.7691159849551638,0.7462254015444335,0.8294718846120477,0.8323497560938085,2.877868337658709,0.5711207425903518,0.773125908903842,0.8944295591511026
78,0.75875904099742,0.7559325086967402,0.7296666865390041,0.8216865464658489,0.8245130787665288,2.8265316898609787,0.5361076878539424,0.7642162155349248,0.888676145578324
79,0.7454063169207285,0.742518721465075,0.7141590157915605,0.812289624976837,0.8151772204324904,2.88760013126846,0.507746281129139,0.7527511731348395,0.8819795458735925
80,0.7417154269190961,0.7387939839266906,0.7090216897406564,0.8102745666284039,0.8131960096208094,2.921444618736289,0.4960415125408502,0.751392960033087,0.8796306049789406
81,0.7377400918721465,0.7348227851329001,0.7050079255007873,0.8063596888990154,0.8092769956382619,2.91730459279217,0.49181973298619736,0.747488068915925,0.8757159613738486
82,0.7310996912741867,0.7281949380976322,0.6987399065528892,0.800011802303688,0.8029165554802424,2.9047527862900617,0.4857197309433555,0.7395049201308479,0.8709950699586346
83,0.7202113820427777,0.7172753582426725,0.6844309132106022,0.7945991251241921,0.7975351489242971,2.936029653384294,0.45269773801740376,0.7327864829676296,0.8678085036167837
84,0.7352896784499331,0.7323221074744672,0.7032266927383819,0.8035184801140162,0.8064860510894819,2.967573041531126,0.492268107981778,0.7432244310117936,0.8741875268540397
85,0.723346948451886,0.7203948356919742,0.6889710094811937,0.7957084402227265,0.7986605529826382,2.952111995872915,0.4644543075080564,0.7338317486669557,0.8686269552632093
86,0.7176428165834301,0.7147009547917919,0.681349062438657,0.7928647062276901,0.7958065680193283,2.9418592624774242,0.44678167565068183,0.7308247628747901,0.8664407611580335
87,0.7115303180059713,0.7085798107924998,0.6740910697739131,0.7882729236261989,0.7912234308396705,2.9505005439351546,0.43391543798556587,0.7264468879452356,0.8619108815014535
88,0.7186801583004273,0.7157068408875369,0.6843714473570458,0.791382198718508,0.7943555161313983,2.9733175276335793,0.4592798928534263,0.7285025712392516,0.8653318954132476
89,0.7147928280514324,0.7118433519811382,0.6789475275735003,0.7896953855536513,0.7926448616239454,2.9494744817530387,0.4459951605851781,0.7269503912252376,0.8638970295359147
90,0.7241291221692857,0.7211417840949397,0.6917828864254251,0.7935157839090748,0.796503121983421,2.9873435469800524,0.4777930150458036,0.7315823619578689,0.8659732850209437
91,0.7183357338053349,0.7153542661872996,0.6849344393361886,0.7898407612822584,0.7928222289002937,2.9814699699280927,0.46426942051315856,0.7267009449279961,0.8638329641619745
92,0.7048502189968779,0.7018610821333674,0.6669730025340913,0.783206335405795,0.7861954722693055,2.989144308766302,0.4224821913139277,0.7191679019062251,0.859268917130462
93,0.6935807085174649,0.6905893659385549,0.6539467116254207,0.7751862691871028,0.7781776117660126,2.9913475726454677,0.3989255403407369,0.7096493407353888,0.853265248217569
94,0.6813351027560165,0.6783512026844519,0.6383118909442803,0.7678936305925551,0.7708775306641197,2.9839033805671273,0.3657434271804194,0.7022241367730352,0.8469681152349247
95,0.675469402792818,0.6724808482340502,0.6305335687972626,0.7649730689587442,0.7679616235175118,2.9885608531556143,0.3477470532961469,0.698876644074058,0.8449770117699241
96,0.6784946693467132,0.6755234927196667,0.6362207150596707,0.7644229649810351,0.7673941416080816,2.971182216484883,0.36655390563203555,0.6979011084229527,0.8442071334429364
97,0.7068682058743854,0.7039141321731919,0.6705705554409742,0.7830800103179316,0.786034084019125,2.9540781081581664,0.43391270647818486,0.7189594199746762,0.8588395486303984
98,0.7389280196569151,0.7359743862055907,0.7107663149448912,0.8020282195349592,0.8049818529862836,2.9536347416704603,0.518801584796878,0.7408242637898118,0.8726730865429045
99,0.7174810284496385,0.7144802746923925,0.6836826988530778,0.7896750402725395,0.7926757940297855,3.0007522985639765,0.46073328435249217,0.7261958117100279,0.8641189867550083
100,0.7172063896566715,0.7142133413886474,0.6832464009265735,0.7889474204362985,0.7919404687043226,2.9930508377229104,0.460909807630506,0.72691270803512,0.8619166908071776
101,0.6815725690349722,0.6785897392704439,0.6389252333888403,0.7676919185118991,0.7706747482764275,2.982827454547717,0.3680711873841904,0.701820647166854,0.8468838641554203
102,0.6761685013771057,0.673183612418106,0.6320209668074286,0.7643797246454772,0.7673646136044768,2.9848897807536274,0.35361113938199684,0.6986291937594455,0.8438225668514153
103,0.6671749193661495,0.6641718791609882,0.6222709463721393,0.7569956401583097,0.759998680363471,3.0030379391541056,0.3388844963796544,0.6900823109431637,0.8378460419281072
104,0.6615948756077791,0.658569880109012,0.6160799371406049,0.7528700679111205,0.7558950634098878,3.0249931200780513,0.328348968317598,0.6846640822866809,0.8352267668295319
105,0.656819687281287,0.6538015954432639,0.6113209980365523,0.7486417138954404,0.7516598057334636,3.018092348527496,0.3224740123714425,0.679300422111918,0.8321885691596039
106,0.6542935122330525,0.6512833752961942,0.6083205153344344,0.7468960455240365,0.7499061824608948,3.0101384092820136,0.31683407084055526,0.6773915228994848,0.8307359366320739
107,0.6521810813664702,0.6491702408543237,0.6061028257570624,0.744915395202142,0.7479262357142885,3.0108375350061687,0.31411777887632936,0.6754472949662882,0.828743423268156
108,0.6511596953147426,0.6481386345813872,0.6052745364241366,0.7437210594886318,0.7467421202219873,3.02105561250912,0.3140594193158988,0.6739874708892977,0.8277767144293882
109,0.6479015678425,0.6449004384213978,0.6015531571866456,0.7414134223797822,0.7444145518008844,3.0011343742997227,0.3073643407320083,0.6711950850074504,0.8261000572432702
110,0.6462214243858623,0.6432040153387988,0.6003705003763138,0.7394426246884921,0.7424600337355556,3.017404332284625,0.3078395042364467,0.6682725378690604,0.8249994457970435
111,0.6441977785025275,0.6411747654164559,0.5978166574359971,0.7378428099134814,0.740865822999553,3.0230155059858426,0.3032788747669297,0.6673382403871168,0.8228328599022857
112,0.6414461426157773,0.6384071518777084,0.5948886835265915,0.7359400099567446,0.7389790006948136,3.038986471269591,0.29819455536710426,0.6641338503669937,0.8223376548942983
113,0.6414390522396186,0.63840912329704,0.5951813773737861,0.7353445834316507,0.7383745123742294,3.0299267679538784,0.3003553006508165,0.6639070265231284,0.8212817792246596
114,0.6382538272599322,0.6351997402284606,0.5919428642957286,0.7327568422820451,0.7358109293135168,3.0540915057707245,0.2957479525196449,0.6601297377852954,0.8199508997480189
115,0.6370473962695866,0.6339955791959845,0.5909252271528547,0.731533098976619,0.7345849160502211,3.051821701808347,0.29516381325914126,0.6583962397547894,0.819215619770182
116,0.6360221419279445,0.6329538028590618,0.5894792940499803,0.7307538271637403,0.733822166232623,3.0683361082324376,0.29231565014086125,0.6582699380278244,0.8178523155385548
117,0.632187432445779,0.6291285045552323,0.5857239736603729,0.7274393001276066,0.7304982280181533,3.0589278355799077,0.2876331010881693,0.6537011519976239,0.8158376654905269
118,0.6314109010723895,0.6283421251890638,0.5851974334428222,0.7263410702906012,0.7294098461739268,3.0687768706670755,0.2883091111176296,0.6524766783205851,0.8148065187058463
119,0.6293197552477592,0.6262450925898483,0.582780794726325,0.724853580898098,0.7279282435560089,3.074667728599966,0.2839380492394527,0.6506808714495612,0.8137234681277866
120,0.6269426079579664,0.6238661104389158,0.580430309607591,0.7225956468485961,0.7256721443676467,3.0764971129832417,0.2813928871058593,0.6480905222961469,0.8118075331624716
121,0.626210310273624,0.6231390705026192,0.5796869206497236,0.721831897665513,0.7249031374365177,3.071241927078203,0.28069230381624843,0.6474503388665939,0.8109181169474159
122,0.6236208436812035,0.6205452582678121,0.576747111525247,0.7202713424259373,0.7233469278393286,3.075581997203552,0.27485131873864604,0.6447898635603165,0.8106001586323169
123,0.623319979703392,0.6202381919715177,0.5769779364382499,0.7192952397577357,0.72237702748961,3.0817859969839927,0.2776208821394258,0.6436006512696874,0.8097122828623747
124,0.6215542410567446,0.6184601785470154,0.574890521658257,0.7179340338844388,0.7210280963941679,3.0940625454575597,0.2740058989105719,0.6422964181611449,0.8083692660249275
125,0.6191786991416206,0.6160926044159045,0.5727515139909574,0.7153628614519103,0.7184489561776263,3.086087264657364,0.27277593636718883,0.6394691365940083,0.8060094698705316
126,0.6181667084652683,0.6150810591425607,0.5718068368840287,0.7145260222019998,0.7176116715247075,3.0856479657142923,0.27160443309748206,0.6380767018375891,0.8057393940106593
127,0.6183410159792612,0.6152550718969846,0.5714821030495834,0.7150391177072992,0.7181250617895758,3.085947972553264,0.2695173528421166,0.6393645371415086,0.8055644212263805
128,0.6151880788528267,0.6120845958891107,0.5684417752436327,0.7118844066985403,0.7149878896622561,3.10348006215494,0.2667176305217083,0.6357937620077765,0.8028139350050121
129,0.612673796391281,0.6095859947740516,0.5657245425738244,0.7101725588957927,0.713260360513022,3.087802831996071,0.2618856272882962,0.6331122806161557,0.8021757310680422
130,0.6131961737311196,0.6100905264488902,0.5664965129036038,0.7098789720095544,0.7129846192917838,3.105647991301347,0.2648989520430221,0.6336677232461979,0.8009228797398658
131,0.6096168835499788,0.6064821450785876,0.5629111543856025,0.7069209970383548,0.710055735509746,3.1347419549134004,0.2599939104459471,0.6293074435390725,0.7994320784247231
132,0.6086713919034953,0.6055298734467036,0.5620762716109197,0.7058567652097697,0.7089982836665613,3.141525809290773,0.25964147316275826,0.6281268141455197,0.7984605436709841
133,0.609412789001245,0.6062632355978578,0.5624482968355118,0.7072878254937164,0.7104373788971036,3.1495632218352654,0.2577858476628488,0.6291917083242785,0.8003673464145715
134,0.6054270904758134,0.6022721997942636,0.5588823187591707,0.7030828301432497,0.7062377208247995,3.1548916936264257,0.2555640042687012,0.6241725063117849,0.7969104470711964
135,0.6030716691649269,0.5999233641954251,0.556445328749566,0.7012141568516448,0.7043624618211466,3.148313007024935,0.2519316139499461,0.6215785844868816,0.7958257895725261
136,0.601527866094188,0.5983871104737867,0.5552964050762935,0.6995259038996627,0.702666659520064,3.140756490938258,0.2519171125435348,0.6190602389467552,0.7949118318750124
137,0.6000287984564944,0.5968828551707419,0.5536855390504732,0.6978323734459341,0.7009783167316865,3.1459394628101536,0.2504801337502532,0.6180693720190944,0.7925071187252957
138,0.6034962823480282,0.600332881256895,0.5572244344595874,0.7005887430064617,0.7037521440975948,3.1633931491148233,0.2556650726613119,0.621986891763011,0.7940213644195359
139,0.6009426482816251,0.597766602417234,0.5543853307319992,0.6986691379753245,0.7018451838397155,3.1760461694568995,0.25089180503867203,0.6195449038953533,0.7927192751887209
140,0.5992456423789693,0.5960921038811763,0.5526725860253535,0.6974062277191998,0.7005597662169927,3.153535888930219,0.2482328572946598,0.6175502390957703,0.7922346634892291
141,0.5955449792768495,0.5923965626559958,0.5498017103596449,0.6931238215663591,0.6962722381872127,3.148416720481015,0.24833106402017885,0.6120406480275244,0.789033394897362
142,0.5920440403460082,0.588896315276451,0.5458941906261169,0.6903013470193494,0.6934490720889067,3.1477228090467646,0.24214121175430695,0.6090282919771046,0.7865130576688892
143,0.5911526120018203,0.5879943130339257,0.5452434290039436,0.689288945294251,0.6924472442621457,3.15829369932499,0.24225113122195263,0.607501654528747,0.7859775058130709
144,0.5913592059948946,0.588220721019448,0.5450544609803631,0.6896458371228374,0.692784322098284,3.138487159690527,0.2409139478240989,0.6088154216321127,0.7854340141719631
145,0.592562941893377,0.5893956223551066,0.547099661243065,0.6898464610322408,0.6930137805705112,3.167323537793558,0.2468391229165047,0.6084491928303963,0.7860106496027636
146,0.5996047742772171,0.5964405790873151,0.5550175972218472,0.6951260803755834,0.6982902755654854,3.1641920987055006,0.26030669028546005,0.6147769729067338,0.7899691491717907
147,0.5940884047695127,0.5909344349539589,0.5486169002241635,0.6910969032677862,0.69425087308334,3.153971037878427,0.248917611772114,0.6103548850724608,0.7865782134471091
148,0.5875654399223218,0.5843896335071377,0.5410108657322974,0.6864513275602709,0.6896271339754549,3.175806244786947,0.2350843759624003,0.6049414295971566,0.7830067977781598
149,0.5824097252373049,0.5792397044234042,0.5365771348950499,0.6810104670029896,0.6841804850685493,3.1700227789645234,0.2327691126367888,0.5979859183088847,0.7789763736106476
150,0.579706979759832,0.5765332662062961,0.5338316408632812,0.6789180653583076,0.6820917789118435,3.1737131007466606,0.22864980531872522,0.5947488877890089,0.7780961985203306
151,0.5797643912285136,0.576568966296633,0.534076900750141,0.6783979564303967,0.6815933813622774,3.195420237714344,0.23050501049423766,0.5947512413995066,0.7769744526755913
152,0.5810339301395141,0.5778523415584729,0.5354449420909717,0.6795836199257491,0.6827652112551312,3.1815865589493635,0.232256676990979,0.5958877604358135,0.7781903963611174
153,0.5815615241740554,0.5783559721210161,0.5359425462288541,0.679907064960051,0.6831126170130902,3.2055527834108997,0.23312064794882573,0.5965986767144986,0.7781083108025256
154,0.5785388012097273,0.5753427350555442,0.5325900417583477,0.6775355749583726,0.6807316411125557,3.196073055954419,0.22770460916183868,0.5939107032261939,0.7761548300641414
155,0.5761627085957816,0.5729539992142823,0.5305862589940558,0.6750446418863896,0.6782533512678889,3.2087150575104637,0.22672552681965513,0.5904945507860321,0.7745386987323376
156,0.572119542604221,0.5689018392768992,0.5263377768162004,0.6715786907102601,0.674796394037582,3.2177002622346027,0.22083101303501843,0.5864046482256579,0.7717776707338668
157,0.5677282066441407,0.5644961691727213,0.521893815279694,0.6676963847721001,0.6709284222435196,3.2320313481157728,0.21520570916813458,0.5815614805441425,0.7689142833525578
158,0.5668713471044381,0.5636359515038966,0.5208825390002226,0.6668590365637963,0.6700944321643378,3.2353924000984655,0.21382853165483612,0.5811225716937173,0.7676965054929772
159,0.5651962538961032,0.5619634228412287,0.5193452045793836,0.6652810113230768,0.6685138423779512,3.232839499839101,0.2123767996813447,0.5789520577326288,0.7667067530175794
160,0.5641094975237888,0.5608784248918209,0.5187346597741591,0.6635513300510923,0.6667824026830602,3.231071220007685,0.214120358099855,0.5771463111429462,0.7649373250667231
161,0.5623429460552997,0.5590950248907898,0.5168667617723647,0.6619930251874566,0.6652409463519665,3.2479195141311337,0.21160111831828565,0.5753752523952671,0.7636238951504403
162,0.5609529106005468,0.5576972865233847,0.5154379918870734,0.6609614450237593,0.6642170691009214,3.255620444542393,0.20933691173877772,0.573683868052293,0.7632931800671888
163,0.5595460666359673,0.556301021094968,0.5140447609706296,0.6594984916170323,0.6627435371580316,3.245050944924698,0.20809034028383083,0.5723487788043723,0.7616951668296836
164,0.5579273678383841,0.5546779457361622,0.5126205717108778,0.6580526182905742,0.6613020403927959,3.2494247454387652,0.20671177893791143,0.5699529628932304,0.7611969762645469
165,0.5557690219851666,0.5525127561703883,0.5100526832022653,0.6562843803713576,0.6595406461861361,3.256263541213374,0.20246188295334147,0.5685575860378035,0.7591385748613121
166,0.554296074064733,0.5510301670698337,0.5092658446913837,0.6544730721701806,0.65773897916508,3.265907323326089,0.20382997415079507,0.5653694797661531,0.7585980887028257
167,0.5528375884297946,0.5495777915121842,0.5076060510677975,0.6532010015218334,0.6564607984394436,3.259793019088613,0.20135459509981468,0.5643389989388435,0.7571245514350253
168,0.5503283766573376,0.5470580213008078,0.5053173329369822,0.6502459719132965,0.6535163272698262,3.2703598411351185,0.2004674333832106,0.5615957961645869,0.7538887617910973
169,0.5499666757473685,0.5467094638162112,0.5052326852375217,0.650050968532947,0.6533081804641042,3.2572094157381084,0.20061493941961173,0.560307669192982,0.7547754523389965
170,0.5470534913478049,0.5437850613758956,0.5019583130088938,0.6478146915820558,0.6510831215539652,3.2684266216816753,0.19515696936622476,0.5576913308685039,0.7530266405526087
171,0.5463622384181284,0.5430884354396237,0.5013278877357241,0.6468691624894266,0.6501429654679313,3.2738013226291973,0.19518931343163812,0.5570613164723092,0.7517330084822706
172,0.5451822882083376,0.5419128951146898,0.5003282578946534,0.645683357798057,0.6489527508917047,3.26939065380811,0.19458135958191985,0.555377913139739,0.7510255058148408
173,0.543526885832421,0.5402504980392346,0.4988367043929416,0.6438751742887909,0.6471515620819773,3.276386640257382,0.19375581128968286,0.553365127841059,0.7493891865444459
174,0.5424952245926651,0.5392153177206386,0.49844968172933596,0.6422284393214355,0.645508346193462,3.2799040247452704,0.19601848996338309,0.5510622408960326,0.7482683129544216
175,0.5412963352217111,0.5380168646488135,0.4968673909775462,0.6415199003576889,0.6447993709305865,3.2794720982268495,0.19259831030190164,0.5504801426222413,0.7475237246892638
176,0.5397782085264794,0.5364991481434714,0.4954870925513056,0.63993493143351,0.643213991816518,3.2790614191324634,0.19164852450148173,0.5486280502434766,0.7461847077185552
177,0.5390473240047092,0.5357508113130025,0.49474145802709485,0.639051482382013,0.6423479950737198,3.2965141455790494,0.19119277300168183,0.5480138096067335,0.7450177868779867
178,0.5396361180959586,0.5363402227503422,0.4963305519534119,0.6387600130924918,0.6420559084381081,3.2958957207649515,0.1967375265590052,0.5465823676469347,0.7456717523786451
179,0.5400589752609517,0.536766636955635,0.4960858538446234,0.6397368703520607,0.6430292086573773,3.292335299318737,0.19392340203011757,0.5484084981662739,0.7459256612945359
180,0.5368063044479326,0.5335070217720713,0.4927010440001914,0.6365446005156129,0.6398438831914742,3.2992801892997896,0.19013356196261963,0.545447134490659,0.7425224403139493
181,0.5383296753212766,0.5350266777472812,0.4943577767449085,0.6380979566477905,0.6414009555959564,3.302991082414083,0.1920077596772301,0.5465272592879853,0.7445383085641119
182,0.5411507265712068,0.5378501793149569,0.4971193643743092,0.6405000762224885,0.6438006234787383,3.3005471153973844,0.19552543557514718,0.5499764519397394,0.7458562036756137
183,0.5362039028052294,0.5329073080068363,0.49194033431044915,0.6363736884051167,0.6396702832035097,3.2965942164319393,0.18813227421955692,0.5448711315218241,0.7428176107599
184,0.5291068060940899,0.5257708840823655,0.48522169857959585,0.6296336482512505,0.6329695716371454,3.3359226727004696,0.18145858833528733,0.5360860974026002,0.738120401283506
185,0.5273027426914798,0.5239914312142804,0.4838583819804343,0.627279382274199,0.6305906937513983,3.311312586842078,0.18217979169716408,0.53368427636644,0.735711099263227
186,0.5263112441607098,0.5229950957751756,0.48288454995718744,0.6262664922032645,0.6295826405887989,3.316147101372051,0.18128806021955585,0.5326389867909016,0.7347266148421537
187,0.5268974197701006,0.5235913718811717,0.48336662622624926,0.6272109253949322,0.6305169732838611,3.306054671147371,0.1807976076943043,0.5332057630637881,0.7360965037552012
188,0.5245881089216007,0.521276708810405,0.48193321327654703,0.6235447069066402,0.6268561070178359,3.3113991623309573,0.18406074612216236,0.5297143704953042,0.7320245208932619
189,0.5205901402561397,0.517274726708272,0.47731002048731536,0.6208166890597825,0.6241321039818206,3.315418748415856,0.17545120589843058,0.5262040939042479,0.7302747813700255
190,0.5188845023298126,0.5155492169025652,0.4757664100581013,0.6189720012269034,0.6223072907766622,3.335283388665499,0.17454085518372506,0.5240676650396342,0.7286906926020421
191,0.5170601924145943,0.5137410649992203,0.474356560696786,0.6168754858311041,0.6201946104981371,3.3191257567501893,0.17457538499612285,0.5213884228588181,0.7271058765543297
192,0.516415234429692,0.5130934371728375,0.47363626802345515,0.6163242198204788,0.6196460157031628,3.321797805835603,0.17349953386900405,0.5208536838248415,0.7265555959957134
193,0.5143922545037284,0.5110706357172655,0.47155944749670003,0.6148325617100389,0.6181541804965016,3.321619724334145,0.17019181868184885,0.518431542586181,0.7260549645602531
194,0.5133525176075763,0.5100155579253645,0.4705918138411959,0.6137908872335033,0.6171278455415445,3.3369650552183474,0.16937997378945693,0.5171045940959832,0.7252908713192349
195,0.5111794708785131,0.5078171611862842,0.46842310742960885,0.6115808244740929,0.6149431327921513,3.362308757792976,0.1672982649088593,0.5148309216719196,0.7231401366527899
196,0.5096379137176602,0.506289805562077,0.46670830490266213,0.6101886901456959,0.6135367996754495,3.3481049661334037,0.16490474772728142,0.5137139709950868,0.7215062117026931
197,0.5078136451993277,0.5044671771162181,0.465461186871405,0.608065906450453,0.6114123717852216,3.346465810231585,0.16549953238593054,0.5105103154690878,0.7203737024958607
198,0.5082861033915099,0.5049423527305339,0.4661368196051815,0.6080863803882763,0.6114301296750819,3.3437463701286645,0.16755327260288105,0.5108726271978373,0.7199845647262222
199,0.5070391120415944,0.5036639205316988,0.46451737111171315,0.6070688054266168,0.6104440010590237,3.3751917352593943,0.16466779826525652,0.510325306602445,0.7185590018112996
200,0.5051278544090667,0.501767484358477,0.4633042059130215,0.6048858026606205,0.6082461754595512,3.360369000036366,0.16549462586727198,0.5067158116387359,0.7177021719880338
201,0.5033845057233266,0.5000115202723732,0.461501039070767,0.6032541624407259,0.6066271478916795,3.3729874228881482,0.16333069886357365,0.5049682206310525,0.7162042028278713
202,0.5008379496655478,0.4974695992916393,0.4591218078514341,0.6004139054405586,0.6037822530661261,3.368347953994267,0.16192119240073719,0.5022604140836842,0.7131838229959911
203,0.4998359140813866,0.496466632878746,0.45789181327270156,0.6000383738482032,0.6034076564250144,3.369280081317473,0.1588938965835214,0.5012668970682436,0.7135146596933304
204,0.4993379901053239,0.49596010453419315,0.45786980550296025,0.5986773136369776,0.6020552005822789,3.3778836617208694,0.16168850346841454,0.5002305852920247,0.7116903298526401
205,0.49765287060558966,0.494265077265264,0.4557934445503466,0.5974660180831162,0.6008538114234419,3.3877937773119133,0.15779248738838547,0.4991511190659031,0.710436712767961
206,0.4955428246118837,0.4921510941013479,0.4545705482492529,0.5949247589372421,0.5983164853252664,3.391734971780255,0.15934273591989742,0.49485934107035656,0.7095095729965298
207,0.4951727412619577,0.4917657133138145,0.45373251115210805,0.5948078500090828,0.5982148820797373,3.4070296246311504,0.15698785676220994,0.4955261262074671,0.7086835683938062
208,0.49462189342858814,0.4912242143916809,0.4532253920860181,0.5939327863176549,0.5973304621767929,3.3976779897893197,0.15725466411464153,0.49523411274643386,0.7071873993969788
209,0.4945280028007903,0.49115169683863175,0.45336897151614475,0.5939471474298482,0.5973234465211544,3.3763055780779045,0.15767003162106452,0.49443309073489405,0.7080037837756814
210,0.4914266159623775,0.4880379331902056,0.45041014816644215,0.5910849469882954,0.5944736283862969,3.3886808744425045,0.15450793831080456,0.4905979256293272,0.7061245601184086
211,0.49076320106426646,0.4873658272649781,0.4500850139330718,0.5896936584618319,0.5930910373283738,3.3973777555251328,0.1564254461860107,0.4896593012280698,0.7041702813305154
212,0.4884181400540926,0.48499295828321826,0.4479741424064471,0.5871751810013389,0.5906003613980428,3.425182033340938,0.1551719756652024,0.486667073855139,0.7020833902812486
213,0.48688686520977736,0.4834618455910202,0.446420801132488,0.5856725233432539,0.5890975374653291,3.4250194490471215,0.15351199828925668,0.4851716210587911,0.7005787730560522
214,0.48469170867881445,0.4812860113571288,0.4446332847178841,0.5833174464338451,0.5867231433261025,3.4057002225595525,0.15291833100298297,0.48203940573618115,0.6989421140220048
215,0.48284317952411665,0.4794505381103208,0.44270546214724826,0.5816962421799255,0.585088876722869,3.392639667912244,0.15034553030725858,0.4802508081070628,0.6975200499169077
216,0.48271763410623203,0.47929720413100824,0.4421289679124651,0.5820070360854311,0.5854274623675717,3.4204286656393443,0.1479026513329844,0.48085697274386713,0.6976272647593825
217,0.48117254172003576,0.4777545052921394,0.44101276796214517,0.5802547335624695,0.5836727699903659,3.4180369253460885,0.14812446336237772,0.4782772840615308,0.6966365477880758
218,0.47999055043764693,0.4765809226448323,0.4400630980644171,0.5789769132130428,0.5823865350797471,3.409624915301628,0.14786507236510946,0.4765531708424648,0.6957710625802406
219,0.4787616332944601,0.4753210060191086,0.43865999699669544,0.5774346432012508,0.5808752718507728,3.4406287175434125,0.14675470460904091,0.4760123306633073,0.693212965208103
220,0.47713432789535964,0.4737135024166932,0.43744563498139727,0.5756529361782569,0.5790737671536053,3.4208297949359463,0.14673373399447295,0.4734289682220657,0.6921742110156188
221,0.4761845209241257,0.47274970063558575,0.43631540079968806,0.5749292346173817,0.5783640599731753,3.434818755652788,0.14474835416425547,0.4727033566501024,0.6914944899528789
222,0.47536498256650367,0.4719189305813924,0.4355873799633224,0.5737346565345522,0.5771807085196635,3.4460522427682574,0.14500176069200554,0.4719522299100068,0.6898081582630059
223,0.47610739998583834,0.47264954679637544,0.4368450089387316,0.573752826160244,0.5772106820980478,3.4578553730197874,0.1488664895725525,0.47187839109203655,0.6897901475257764
224,0.47501633455842646,0.47156676993589924,0.4349786801537451,0.5736935514881563,0.5771431211779372,3.4495664020780183,0.14319909512137818,0.47202928626228136,0.6897076598505465
225,0.4743949150832998,0.470964003536818,0.4346988932028284,0.5727536650830799,0.5761845821262437,3.4309118096354374,0.1443078512331251,0.470828883843738,0.688959947065249
226,0.47127839665248,0.46781456556375156,0.4317058423582346,0.569475976293987,0.5729398110757987,3.4638301274961973,0.1419134894090702,0.46735324210323587,0.6858507874032606
227,0.46962409069283895,0.46617140069131546,0.4301817043542175,0.5678908709833876,0.5713435600401688,3.4526883800022885,0.14051759371839959,0.46529809310388154,0.6847294211731176
228,0.4666710891022806,0.4632103525595981,0.42784235594252,0.5646349399508935,0.568095679241917,3.4607384534665417,0.14010623355076704,0.46081421655261895,0.6826066223619994
229,0.4664174750318445,0.46293413055046145,0.4278783270020993,0.563723941185976,0.5672072797412487,3.4833425005162484,0.1421341052659994,0.4602851581676549,0.6812157218669265
230,0.4647325435358097,0.4612694283040181,0.4260674758843798,0.5624132972285796,0.5658764138345416,3.463114073365841,0.13927110243771193,0.4586790160246473,0.6802523009028146
231,0.4640728525538266,0.46060675640271104,0.4256366944794009,0.5617975575436089,0.5652636509463835,3.4660962741038297,0.1392293629539803,0.45728329974911053,0.6803974273912501
232,0.4629487458841945,0.45948539549747874,0.42459006130867116,0.5604968661877195,0.5639602193227763,3.4633524149913955,0.13871708993265883,0.4561302071002444,0.6789228897273368
233,0.46157017066774175,0.45809898974229,0.4232351201927284,0.5588572334487432,0.5623284143741949,3.4711801765287986,0.13796104233100023,0.4549173978975939,0.6768269202207626
234,0.4604417950516132,0.45696095052988456,0.42227726496262236,0.5576418317017019,0.5611226670336654,3.4808410952345437,0.13754488669486142,0.45332946634773563,0.6759574528386338
235,0.46031526547000456,0.4568638866847805,0.42213729401830297,0.5573931113100189,0.5608444859727315,3.4513781682215092,0.13763368842581164,0.4535184220896674,0.6752597797844527
236,0.46389947037188395,0.46043243360107156,0.42626305882113125,0.5602486791459559,0.5637157159167683,3.4670360163927767,0.14443126501198805,0.4561939723897049,0.6781639518586634
237,0.4606758326034381,0.4572051648447768,0.4226201989980527,0.5578149067565412,0.5612855754599447,3.4706696893708506,0.13824514641026597,0.4533574286558443,0.6762580275535583
238,0.4579497440919409,0.45446609772247953,0.4202057733831213,0.5545415519293859,0.5580251996730178,3.483644514331213,0.13763737811650598,0.45022317277595014,0.6727567583064868
239,0.4558285062526076,0.45233939128581657,0.41808027278105875,0.5526629701815009,0.5561520860930341,3.489115311020733,0.13499250136294352,0.44783197261758084,0.6714163307497756
240,0.4542606233348077,0.4507506847038049,0.4166335730628253,0.5509238894116294,0.55443382709789,3.509935765857312,0.13416084728770022,0.445982720649208,0.6697571603983898
241,0.4519958851660363,0.4484995612149967,0.41518966548724545,0.5479628514144194,0.5514591822363114,3.4963262665168697,0.13590811442057749,0.4420983135184912,0.6675625762953195
242,0.4533004901594662,0.44979875773105565,0.4160002094696166,0.5493556115057008,0.5528573429893692,3.5017314926004546,0.13549404780270388,0.444739770992345,0.6677668336832557
243,0.4509128679974965,0.44741047570959636,0.41386205791052894,0.5468342233803499,0.550336621164932,3.5023917292998914,0.1341619945912265,0.4417540475683185,0.6656701305414139
244,0.4496442317447333,0.4461507360942082,0.4125283720342158,0.5456680944055233,0.5491615896266201,3.493493711570498,0.1324758901118545,0.44061385537430603,0.6644953877506751
245,0.4482811124249219,0.4447932887489583,0.4112253473368433,0.5445721745491028,0.5480600050959189,3.487823228671159,0.1307371824507411,0.4388209261021628,0.6641179302583854
246,0.44655919452909093,0.4430590525312451,0.40985271669602186,0.5424172203204131,0.5459173572510051,3.5001439663450036,0.13101015224924006,0.43646305816661385,0.6620849434511806
247,0.4459672864816374,0.44247725889387324,0.40926318493287916,0.5416713042630242,0.5451613327955307,3.4900283689801217,0.13074950483072045,0.43607669682255396,0.6609633248889825
248,0.4450413126938625,0.44156102273581005,0.40849189361509053,0.5409244149493896,0.5444047117782944,3.4802908684403477,0.12992694688375814,0.43455501617890613,0.6609937304722129
249,0.44339176832083665,0.43989396799538255,0.4067131806519258,0.5390783881591446,0.5425761953554511,3.4978007054122795,0.12828983158216697,0.4334054001813663,0.6584443132197135
250,0.4427292882880835,0.43921941415720783,0.40629765279698443,0.5383496605697214,0.5418595360747676,3.5098736581609984,0.12853309009707284,0.4320241021319837,0.6583357767687751
251,0.4408852274204881,0.437377353394753,0.4049581856136707,0.5360581057215974,0.5395659824956734,3.5078725704885696,0.129196293566172,0.42917304818843216,0.6565052023538595
252,0.44027550720344016,0.4367554282248879,0.40366398025658357,0.5362006245497668,0.5397206929643834,3.520074380577813,0.12488005810580954,0.4297291926760495,0.6563827105145633
253,0.4382718197722256,0.43475081924059206,0.4024903560406193,0.5333651171981086,0.5368861241711663,3.521002786647346,0.12720208355260515,0.42614848237559844,0.6541205225485546
254,0.4371664612540594,0.433631642149917,0.4013037950401691,0.5324059867377927,0.5359407975969123,3.5348151856952854,0.12553712824407848,0.42505964774219723,0.6533146084900892
255,0.43727431319632515,0.43374382659406413,0.4011786849766712,0.5325580429962115,0.5360885217828778,3.5304846557485265,0.12482898841244343,0.42582950176354445,0.6528775580334732
256,0.4380463510322296,0.4345191054110568,0.4027030873367354,0.5321923459984728,0.5357195898160467,3.527242343089079,0.13032914303049917,0.42559615962787045,0.6521839547569539
257,0.43620595705268705,0.4326839345676411,0.40057296101916423,0.5307790612968313,0.5343010810335362,3.522021895526809,0.1266911781744586,0.42418686508788844,0.6508408515185375
258,0.4340709914219826,0.4305573384081596,0.39855825325597605,0.5287968308506507,0.5323104801713905,3.51364952205581,0.12460815751930479,0.4215785926288418,0.6494880043807566
259,0.43301273268306634,0.42948062224072064,0.397653998060941,0.5277025601705831,0.5312346788579517,3.532112715223681,0.1241035774908423,0.42001188333852146,0.6488465252802077
260,0.4325588817898753,0.4290296118438072,0.39752077309130246,0.5270432180561319,0.5305724843091167,3.5292704235923393,0.12507699730588653,0.4188430645108567,0.6486422447031445
261,0.43007668268783633,0.426535440539077,0.39478928039671707,0.5245291690317972,0.5280704084322158,3.541242324653208,0.12188813058117282,0.41706945272618823,0.6454102644315715
262,0.43085030975190636,0.4273095929657004,0.39555872835068606,0.5254884458412699,0.5290291575602221,3.540716297688333,0.12225826572014895,0.41766281198355926,0.6467550907080043
263,0.42969694553259813,0.426160671525455,0.39494100221639405,0.5235181363240443,0.5270544048345055,3.5362728116148143,0.124485663833467,0.41581162303600255,0.6445257215403686
264,0.4280096218634064,0.4244677593625588,0.3930176203635653,0.5223276881388353,0.5258695557069366,3.5418626032232896,0.12102060880973635,0.4142697517913082,0.6437625170441114
265,0.4270990378403183,0.42354631080407573,0.39216178604092994,0.5211409189515567,0.5246936414358595,3.5527238282415294,0.12086083482338991,0.4134339015147184,0.6421906132175874
266,0.42572282920309723,0.42218131222024086,0.3913852949479128,0.519270733728876,0.5228122534600733,3.541519849375964,0.12238493415739075,0.41086516969485654,0.6409057909542271
267,0.42486966351954325,0.42132624253759465,0.39025144111526117,0.5186857843948716,0.5222292076957329,3.5434222028990643,0.12009644579217482,0.4105478911647192,0.6401099864962465
268,0.42446891933421926,0.42092686702607346,0.39020013336833,0.5174983659120389,0.521040418649613,3.542048527115704,0.12243484516738128,0.40995112551048785,0.6382144078054071
269,0.4229804187240106,0.41943508489674725,0.38853456170139805,0.5164260013989825,0.5199713334226471,3.5453333923383816,0.11952154879439461,0.4085306294197995,0.6375515052152299
270,0.4217523562289796,0.4181891896195645,0.38741475764543937,0.5150194602672236,0.518582627306067,3.5631660803594234,0.11900487681716594,0.40708194582881435,0.6361574472199256
271,0.4207857977759941,0.41724756798070856,0.38656084003297325,0.5141791514086105,0.5177173784555551,3.538228326297287,0.1181223345464176,0.40577518441835125,0.635784999781452
272,0.42003100973041324,0.4164936080446161,0.385950903384074,0.5130897652175309,0.5166271669033281,3.5374038556123675,0.11852090090770886,0.4049493662733853,0.6343824624671717
