epoch,learning_rate,train_total_nll,train_selection_score,train_market_nll,train_sector_nll,train_idio_nll,train_mse,train_market_mse,train_sector_mse,train_idio_mse,train_coverage_68,train_coverage_95,train_standardized_residual_mean,train_standardized_residual_std,val_total_nll,val_selection_score,val_market_nll,val_sector_nll,val_idio_nll,val_mse,val_market_mse,val_sector_mse,val_idio_mse,val_coverage_68,val_coverage_95,val_standardized_residual_mean,val_standardized_residual_std
1,0.0001,0.5705360598177891,0.5831398105050113,0.6316261569976263,0.5755193797915035,0.5635162854765866,1.100725116861662,1.2192104920209372,1.110514744104689,1.0869860772534363,0.7556189332291254,0.9413352224123661,-0.013769333849034681,1.0626078910713392,0.4872467517852783,0.46909265007291523,0.37131284390177044,0.5066133780138833,0.4717446097305843,0.9521682347570147,0.7230540854590279,0.9857021229607719,0.9262717110770089,0.7607289297240121,0.9478190881865365,-0.01185867456453187,0.9828035065105983
2,0.0001,0.5687134521591004,0.5822894278078574,0.6339326372026921,0.5746350264930072,0.5606179336990144,1.0963663662493195,1.2161618772398997,1.1069953482421684,1.0817440353117191,0.7565784177233407,0.9418402190420605,-0.013286589208142423,1.0610282950855567,0.4862023549420493,0.46825333152498516,0.3715091986315591,0.5054153970309666,0.47081255061285837,0.9507420063018799,0.7235067486763,0.9842254178864616,0.9248334509985787,0.7614900469779968,0.9480386461530413,-0.011610336069549834,0.9816809381757464
3,0.0001,0.5646373024003137,0.5791735153706905,0.6354931452175038,0.5700053631477334,0.5569073022839959,1.093547638524823,1.20385232158069,1.1042600283946435,1.0791587613000233,0.7579325455226561,0.942145081193394,-0.012915571214375126,1.0577716835892956,0.4853277930191585,0.467535776751382,0.37161646144730703,0.504393070936203,0.47005315337862286,0.9495353358132499,0.723920498575483,0.9829454677445548,0.9236454452787127,0.7619877287319728,0.9481264778545925,-0.011379057009305273,0.9806815470967974
4,0.0001,0.5646661141907495,0.5737609931284268,0.6069114853910086,0.5700074620608663,0.5579165234201239,1.0919096134624275,1.203503971091693,1.1018425173849224,1.078256992904785,0.7577959937295843,0.942281621629962,-0.012880127447196674,1.0582229020047447,0.48454658474240986,0.4668913355895451,0.3716852196625301,0.5034891068935394,0.4693658011300223,0.948449867112296,0.7242047275815692,0.9818015268870762,0.9225733195032392,0.7623828904969352,0.9482435584068298,-0.011153979093900748,0.979781448841095
5,0.0001,0.5618374158978394,0.5745004846651215,0.6224147077294941,0.5676043946540362,0.5540511107621571,1.0897286786940596,1.20077049569001,1.1008862499774557,1.0748695365646805,0.7590248154288214,0.9425696441260869,-0.012632170640552684,1.0551998868236117,0.483845238174711,0.4662963535104479,0.37166211009025574,0.5026750820023673,0.46875466619219097,0.947470988546099,0.7243685381753104,0.9807684932436261,0.9216099551745823,0.762778103351593,0.9484191962650844,-0.010941103766007083,0.9789750576019287
6,0.0001,0.5616141553273285,0.5723152882496562,0.6121943555283533,0.5670684288041767,0.55447398028371,1.0879951797072982,1.2110150710079783,1.0982060790809984,1.073683534971456,0.7598159556992722,0.9426762541565838,-0.012307176018995485,1.0550289976209215,0.4832076260021755,0.4657511029924665,0.3716070737157549,0.5019454658031464,0.4681898355484009,0.9465819937842233,0.7245238253048488,0.9798467840467181,0.9207191382135663,0.7628951839038304,0.9485655767577035,-0.010702623054385185,0.9782822387559074
7,0.0001,0.5600600962596693,0.569465815510943,0.6030547935420013,0.5662438161904922,0.5524431564300589,1.0876378224566536,1.2018404338812734,1.0987985269110745,1.072670265292686,0.7596195744094478,0.9427922192601836,-0.012752979021058278,1.0533125435904782,0.48260582770620075,0.46522399357386995,0.3715004708085741,0.5012462905475071,0.46766917620386395,0.945732695715768,0.7246028014591762,0.9789426837648664,0.9198934861591884,0.7633489285196576,0.94862414257867,-0.010496823117136955,0.9775727050645011
8,0.0001,0.559522508690851,0.568387656978927,0.6013267344906204,0.564133995543598,0.5535176588478459,1.0858354810572188,1.1979261855023695,1.0962514638628744,1.0716833576636524,0.7604200809734996,0.9430484517397231,-0.012001542713975506,1.0530971257399642,0.4820507509367807,0.4647632496697562,0.3715424154485975,0.5005962720939091,0.4671886946473803,0.9449495588030133,0.7247396792684283,0.9781085423060826,0.9191308958189828,0.7635538748332432,0.9487119487353733,-0.010320280545524188,0.9769302010536194
9,0.0001,0.5589018443517527,0.566973165332149,0.595492100416424,0.5644976845381944,0.5520863062099124,1.0837087564582628,1.1977016922411616,1.09435199966991,1.0692657480835575,0.7610073640764066,0.9432392251607151,-0.012301309176078369,1.05223445261946,0.48152044841221403,0.4643125363758632,0.37151835220200674,0.49998309356825693,0.466724340404783,0.9441991448402405,0.7247105496270316,0.9773229871477399,0.9183916108948844,0.7637880444526672,0.9487119487353733,-0.01014973848525967,0.9763023512704032
10,0.0001,0.5576526731745692,0.5673721575832203,0.6026536845100041,0.5634990937017538,0.5503062282843516,1.0832132267666352,1.1969792322641908,1.0932798263894716,1.0693542709774926,0.7614337951539927,0.9432523180876741,-0.011288853684685704,1.051149064040633,0.4810131703104292,0.4638583447252001,0.3713575005531311,0.49941139987536837,0.4662704723221915,0.9434832760265895,0.7246579357555935,0.9765786358288356,0.9176816855158124,0.764051514012473,0.9488144176346915,-0.00996769339378391,0.9757355366434369
11,0.0001,0.5569136889063829,0.5664295249507554,0.5998446946135944,0.5637082317116189,0.548688207227573,1.0827353586146848,1.193000320564048,1.0934593099495105,1.0683361147038948,0.7617816813863895,0.9435235200714398,-0.011517176569821456,1.0495603017241222,0.4805176172937666,0.46343287399836947,0.37130516341754366,0.49884597744260517,0.4658295086451939,0.9427906700542995,0.7246918507984706,0.9758412156786237,0.9170106989996774,0.7645345415387835,0.9489022323063442,-0.009807864470141274,0.9751771518162319
12,0.0001,0.5556669266170865,0.5633345776058508,0.5897055250606874,0.5616684907923001,0.548530696836527,1.0809853387708603,1.1976632986215612,1.0922193869956887,1.065862037220208,0.7619500093914343,0.9437834879907281,-0.011379964257066106,1.0491633688594297,0.4800615395818438,0.4630621927125113,0.37135851808956694,0.49833215134484427,0.46541467734745573,0.9421600954873222,0.7247797421046666,0.9751721365111214,0.9163940123149327,0.7648711970874241,0.9489900554929461,-0.009647570018257414,0.9746309859412057
13,0.0001,0.554465216326836,0.5641920452993798,0.6004648684299271,0.5593994503285092,0.5479977811600097,1.0791322108479275,1.1963629182651256,1.0894024613511541,1.0649542993500922,0.7627766907249119,0.9433776278599153,-0.011094877569146212,1.0472649808482177,0.4796262638909476,0.462696943964277,0.37136740343911306,0.49782500522477285,0.46503651993615286,0.9415462102208819,0.7248571515083313,0.9745029892240252,0.9158123305865696,0.7651785612106323,0.9490778701645988,-0.009529559074767999,0.9740909508296421
14,0.0001,0.5533212716077575,0.563434237829971,0.6004579921348123,0.5591061172727443,0.5459652760337573,1.0785495077482443,1.191478162204886,1.089184955603996,1.064149854629297,0.7630815569904281,0.9437666577879388,-0.01131875593325732,1.0460729780907094,0.4792399321283613,0.4623403421470097,0.371190288237163,0.49738905685288565,0.46469248618398395,0.9409919381141663,0.7245062078748431,0.9739225081035069,0.9152782985142299,0.7651200294494629,0.9490925073623657,-0.009363160468637943,0.9736019117491586
15,0.0001,0.5536978378407423,0.5607129812784625,0.5850126399221383,0.5590243079257025,0.5473276632075573,1.077954997080636,1.1950152057344683,1.0884506436531298,1.0635569570952663,0.763021703590615,0.94367314877676,-0.010575979534712983,1.046483190108624,0.47888892889022827,0.46196627616882324,0.37076314432280405,0.4969949339117323,0.4643872507980892,0.9404604860714504,0.7241038594927106,0.9733550804001945,0.9147778408867973,0.7653981191771371,0.949107153075082,-0.009172551733042513,0.9731667297227042
16,0.0001,0.5533423683198602,0.5603612594378722,0.5828089787833567,0.5604434878705096,0.5452590353544685,1.0777073105742982,1.1885242707649095,1.0888086556708276,1.0629121423515673,0.7632854274525618,0.9436806236344342,-0.010697237375318256,1.0468313554594058,0.47853263361113413,0.46162774733134676,0.3705423048564366,0.4965989334242685,0.4640659817627498,0.9399317673274449,0.7239104083606175,0.9727938515799386,0.9142703413963318,0.7656615887369428,0.9491803305489677,-0.00899455789476633,0.9727294359888349
17,0.0001,0.5517325468969154,0.5593849965251655,0.5859314422912075,0.5575057619378285,0.5448194193418409,1.0757912844844497,1.1914653635949866,1.0865233247781982,1.0612035020038324,0.7638670981984376,0.9441425923748963,-0.010657919420453221,1.0446826605815855,0.47817538040024893,0.46128729411533903,0.37031746336391996,0.49619963339396883,0.4637466200760433,0.9394092985561916,0.7238074200493949,0.9722351857594081,0.9137702243668693,0.7659836070878165,0.9491803220340184,-0.008824024748589312,0.9723206162452698
18,0.0001,0.5505378392343853,0.5573899688988635,0.5793960057730275,0.5573830798191814,0.5427307544676698,1.0756980532995988,1.1878860312329655,1.0864193514286962,1.0612369529261156,0.764143902270779,0.9440210147782591,-0.010303264566688149,1.0433108849792023,0.4778509906360081,0.4609678898538862,0.37005261863980976,0.4958437383174896,0.46345166649137226,0.9389347519193377,0.723504262311118,0.971738977091653,0.9133112515722003,0.7662178192819867,0.9492096134594509,-0.008674951469791787,0.9719334925924029
19,0.0001,0.5500787053527114,0.5575676006857354,0.583971950780713,0.555324474811826,0.5437032288302711,1.0744813549742995,1.192949945288798,1.085026748916182,1.059987062464016,0.7647180915626879,0.9442454667616353,-0.010405662024358614,1.041870938765955,0.47752747365406584,0.4606525046484811,0.3698092656476157,0.49548462884766714,0.4631611108779907,0.938475523676191,0.7233346700668335,0.9712571246283395,0.9128662858690534,0.7665690864835467,0.9492681792804173,-0.008531236821519477,0.9715488297598702
20,0.0001,0.5496204227498104,0.556038666641923,0.5774835074757142,0.5552417530172972,0.5430702695966243,1.0743300206172963,1.190486972153833,1.0850174568478748,1.0597706631939545,0.7647218283964985,0.9443876007524001,-0.009999964097211923,1.0416850000534885,0.4772457012108394,0.46033688528197153,0.3693786987236568,0.49517511469977243,0.46291193791798185,0.9380495633397784,0.7229976824351719,0.9708105751446315,0.9124570659228733,0.7667447413716998,0.9492974281311035,-0.008362223394215107,0.9712676661355155
21,0.0001,0.5489836229607505,0.5552274703605475,0.5753626339413817,0.5551427312735076,0.5419452449320659,1.0734726491820383,1.1874192511770159,1.0837042466001516,1.0594424430261797,0.7648003909564739,0.9442435873282411,-0.009855405054163003,1.041619466463634,0.4769620512213026,0.460061571427754,0.36917525104113985,0.49485706431525095,0.46265994650977,0.9376247354916164,0.7227971298354012,0.9703595382826669,0.9120508602687291,0.7670374597821917,0.9493705885750907,-0.008238170096384627,0.9709108301571437
22,0.0001,0.5479122039527806,0.5545242431159708,0.5768169087134153,0.5535126637542037,0.5413483928015622,1.0719255714911566,1.1891814279882689,1.0827238348913546,1.0572187997107498,0.7652436593771661,0.9446026941265165,-0.009925778695428399,1.0404364843743907,0.4766710783754076,0.4598034535135542,0.3690961131027767,0.49452900886535645,0.46239903569221497,0.9371964165142604,0.7226230672427586,0.9699114901678902,0.9116337554795402,0.7672862921442304,0.9494876776422773,-0.008142192781503712,0.9705508351325989
23,0.0001,0.5481220223668366,0.5543308621532769,0.5750453364012653,0.5535889700760653,0.5417576244879775,1.0714852410048263,1.191369579032837,1.0825539874268884,1.0564202871311752,0.7656906779602604,0.9443483348920967,-0.009967823797614827,1.0404059006973327,0.47639865960393635,0.45950640525136677,0.368725802217211,0.49422700490270344,0.46215912273951937,0.936778587954385,0.7223756994519915,0.9694560425622123,0.9112482581819806,0.7673740983009338,0.9495462434632438,-0.008007489410894257,0.9702269860676357
24,0.0001,0.5472780281451519,0.5529138430213493,0.5720558620084033,0.5519180962241043,0.5418120516890196,1.0707762225722832,1.189941197514738,1.080900011984743,1.0566800893271098,0.7658384187998122,0.9447747615834882,-0.009510307204343817,1.039844758906367,0.47612846323422026,0.4592286688940866,0.36843342014721464,0.49393907615116667,0.46190813183784485,0.9363607934543065,0.722153902053833,0.9690149000712803,0.9108471018927438,0.7676522306033543,0.9496048007692609,-0.007885504181363754,0.9698901517050607
25,0.0001,0.5463826345227748,0.5497347390522497,0.5589886591288953,0.5511672149980266,0.5411779563289605,1.0703640171139157,1.1849968423859705,1.0808272350874888,1.0560795758291441,0.7661713455924292,0.9449038098896155,-0.009324597738283705,1.0389045615639607,0.47586826767240253,0.4589847241129194,0.36827803935323444,0.49366093959127155,0.4616621562412807,0.9359741125788007,0.721916275365012,0.9686181374958583,0.910465691770826,0.7678864172526768,0.9496633240154811,-0.00778581780780639,0.9695834006581988
26,0.0001,0.5467326217253957,0.5510833138951695,0.5638690489873979,0.5522065685091873,0.5406873738058485,1.0702025643839403,1.1861729307713267,1.0803714711803474,1.0561677743146844,0.766167599034187,0.9449225260540886,-0.009825978833752755,1.0393937091724028,0.4756331316062382,0.45875269174575806,0.368080484015601,0.49340576784951345,0.46144570623125347,0.9356169274875096,0.7217015368597848,0.9682523352759225,0.9101121510778155,0.7679596032415118,0.94976578439985,-0.007669531474156039,0.9692866121019635
27,0.0001,0.5460628016261597,0.5505554820562321,0.5634133408427306,0.5520430254854615,0.5395043039417103,1.0691353920794051,1.1837011249624383,1.0799166216417782,1.054535308668971,0.7661937905323553,0.9448477097463417,-0.009227230864392644,1.0388548725071596,0.47539183497428894,0.45847838691302706,0.36768309133393423,0.49314767122268677,0.46122641222817556,0.9352521981511798,0.7213764871869769,0.9678792698042733,0.9097537057740348,0.7680327892303467,0.9498097045081002,-0.007522610548351493,0.9690483467919486
28,0.0001,0.5456992669984129,0.548661989276231,0.5552293869915923,0.5514593638832476,0.5396213874229349,1.0687401261726788,1.180596708333363,1.0796137443285156,1.054137904203353,0.766833439120822,0.9451675364036799,-0.009083712244001512,1.0379765583866334,0.47515433175223215,0.4582141765526363,0.3673423486096518,0.49287558453423636,0.4610263705253601,0.9348862256322589,0.7211779441152301,0.9674892595836094,0.9094068918909345,0.7681205953870501,0.9498828990118844,-0.007384018506854773,0.9687603967530387
29,0.0001,0.5426879746874468,0.5465385879167338,0.5567857263024304,0.5485480148249603,0.5363580702681304,1.0673802700031845,1.184101618907143,1.0783100070371263,1.052559838591476,0.7671644873300826,0.9450665331879685,-0.009065797650752003,1.0353732705456287,0.47492801291602,0.4579327276774815,0.3668442368507385,0.4926310309341976,0.4608278444835118,0.9345374277659825,0.7208289418901715,0.9671167816434588,0.9090813313211713,0.7683694277490888,0.9498682447842189,-0.007240667473524809,0.9685718417167664
30,0.0001,0.5428164695340161,0.5460073286067127,0.5541900870668093,0.5479658267631302,0.5372879349600568,1.0666509906836257,1.1840764457541606,1.0769090521900027,1.0524787669241666,0.7677873063957902,0.9451619165663167,-0.008779972822751256,1.0348423618421647,0.4747031501361302,0.45763673952647616,0.366257552589689,0.49239473257746014,0.46062617216791424,0.9341914057731628,0.7202854071344648,0.9667564375059945,0.9087567499705723,0.768427985055106,0.9499414392880031,-0.007099547423422337,0.9683447820799691
31,0.0001,0.543918872314797,0.5483604203750253,0.5619311282380404,0.549015171583625,0.538222023982425,1.066661979087203,1.186701856200789,1.0768626023889336,1.0524600324668818,0.7676114919045552,0.9453882369665982,-0.008860868910785512,1.0365072564268138,0.4744942103113447,0.4573692892278944,0.36576226353645325,0.49216528449739727,0.4604472943714687,0.9338738066809518,0.7199341314179557,0.9664183684757778,0.9084600806236267,0.7684572509356907,0.9499853593962533,-0.006974572315812111,0.9681511095591954
32,0.0001,0.5427027310702166,0.5455972940596729,0.5511679712935849,0.549133458446246,0.5359898498584662,1.066210959070557,1.1776075934384527,1.0769291192684185,1.0517798455456495,0.7678415406042688,0.9453358676048667,-0.008683483423404841,1.0350156236361314,0.4742962292262486,0.4571054492677961,0.3652319737843105,0.49195302384240286,0.46027509229523794,0.9335477863039289,0.7195419839450291,0.9660630481583732,0.9081661871501377,0.7683987021446228,0.950043899672372,-0.006842218073351043,0.967950599534171
33,0.0001,0.5414972302067709,0.5443391208470514,0.550412421779366,0.5472370999510875,0.5354602390945944,1.0659669340166853,1.1805351969859836,1.0775375751788046,1.0505774095611986,0.767682564408182,0.9454406023161519,-0.008463539123105887,1.033509894329959,0.47411474159785677,0.45686408451625277,0.36475431067602976,0.49175367610795157,0.46012123993464876,0.9332528965813773,0.7191252878734044,0.9657450148037502,0.9078979917934963,0.768427985055106,0.9501463515417916,-0.006686022970825434,0.9677551473890033
34,0.0001,0.5421747765878372,0.5431525041495332,0.541694126976468,0.5475200171036783,0.5368455675623448,1.065271062709506,1.1786856827093952,1.0763558249982235,1.0504055705263624,0.768150157168193,0.9452554461144068,-0.008166549715632652,1.0341206115786852,0.4739143294947488,0.4566019262586321,0.3642529845237732,0.4915304354258946,0.45995372959545683,0.932949960231781,0.7187467047146389,0.9654198459216526,0.9076197913714817,0.7686036229133606,0.9501463600567409,-0.00655691052920052,0.9675843800817218
35,0.0001,0.5417480258960691,0.5419998885017085,0.5381163327066951,0.5464578856078135,0.5371588990134779,1.0648431845277089,1.1788947946741046,1.075492180760629,1.0503921483967962,0.7681538941040083,0.9455060700110823,-0.008047832611733616,1.0340608461747764,0.47370857426098417,0.45634708234242033,0.36382047619138447,0.49129489064216614,0.4597851165703365,0.932640152318137,0.718474771295275,0.965086681502206,0.9073322074753898,0.7687499863760812,0.9502049088478088,-0.006458693716142859,0.9674213443483625
36,0.0001,0.5404924830571625,0.540530982421455,0.5356004772632379,0.5453321721576924,0.5358159616207029,1.0645956751012284,1.1861620901383065,1.0748349339092926,1.0503041853717037,0.7678621179093242,0.945685613515781,-0.007844805643886872,1.0326461663466484,0.47352504304477144,0.4561107541833605,0.36337949122701374,0.49109199217387606,0.45962956121989657,0.9323590057236808,0.7181522846221924,0.9647887860025678,0.9070688486099243,0.7688817467008319,0.9502049003328595,-0.006369946790593011,0.9672841429710388
37,0.0001,0.5407752163125934,0.5415899495499106,0.5385752258746881,0.5469386824457154,0.5346851802287071,1.0640407234889333,1.1757320974190033,1.0744181475636623,1.0499403151660665,0.7681445432130908,0.9456164192554954,-0.007981175682690744,1.0329380369975236,0.473336045231138,0.45587518385478426,0.3629616413797651,0.49088713952473234,0.45946432862962994,0.9320744531495231,0.7178248252187457,0.9644943049975804,0.9067955017089844,0.7687500034059797,0.9503220064299447,-0.006263226071106536,0.9671405809266227
38,0.0001,0.5390501684348242,0.5405220533872562,0.5412606320854465,0.5443095188785537,0.5337172047927321,1.0635514211736268,1.1822139828530163,1.0737970128306917,1.0493506641980925,0.7684999020250607,0.9456276335650965,-0.007853803100012331,1.0316378973037668,0.47315931745937895,0.4556135875838144,0.362359208720071,0.49069120628493174,0.4593204515320914,0.931795426777431,0.7173993928091866,0.9641935059002468,0.9065435188157218,0.7688085521970477,0.9503512893404279,-0.006123761646449566,0.9670459798404148
39,0.0001,0.540453745818315,0.5407850706638504,0.5369939123706959,0.5453970855940292,0.5356257761878009,1.0633954190555057,1.1793702413746103,1.0743611940165214,1.048563783466646,0.7689674821365104,0.9455266392917818,-0.007657254021508535,1.0331897047405167,0.47297669308526175,0.45536817397390095,0.3618575504847935,0.49049767000334604,0.4591594764164516,0.9315116660935538,0.7170295459883553,0.9638926557132176,0.9062799726213727,0.768896358353751,0.950365926538195,-0.005995206468339477,0.9669157862663269
40,0.0001,0.5386909468134539,0.538167608409899,0.5306798917391745,0.5436846525820065,0.5339643135794353,1.0618366519859432,1.17707045222444,1.0724087614912479,1.0474233842548886,0.7691863120384238,0.9458427330594843,-0.007740169775784356,1.0310990500300528,0.4727993905544281,0.45512563841683523,0.3613581189087459,0.4902998464448111,0.4590137004852295,0.931246783052172,0.7166679501533508,0.9636145404406956,0.9060315064021519,0.7691159248352051,0.950322014944894,-0.0058629462229354045,0.9668634704181126
41,0.0001,0.5378398718115811,0.5370580170641474,0.5273605651061194,0.5438857308402445,0.5321433897604618,1.0623488934871066,1.1740906742118253,1.0728113859024853,1.0481616869968342,0.7690348141681651,0.9459081820535851,-0.007361449926551825,1.0287358970283034,0.4726379428591047,0.45488129343305317,0.36079895070620943,0.49010151624679565,0.45890246970312937,0.930994621344975,0.7164073586463928,0.9633305839129856,0.9058115226881844,0.7691744821412223,0.9503512808254787,-0.005724187674266952,0.9668326292719159
42,0.0001,0.5383230475310387,0.5369032409214253,0.5257743085647949,0.5431453913059223,0.5339188984782779,1.0619200782237295,1.1860808599219619,1.072443072685703,1.0472584378698928,0.7691040185949017,0.9460634259720632,-0.007702563279422602,1.0302912708833023,0.47247188857623507,0.4546562773840768,0.3603508472442627,0.48990840571267263,0.4587729956422533,0.9307510597365243,0.7161399381501334,0.9630656157221112,0.9055901850972857,0.7692184022494725,0.9503951924187797,-0.005603325619761433,0.9667596476418632
43,0.0001,0.5372676390854889,0.5362286376769517,0.5262930215901126,0.5424983693202835,0.5324027870834316,1.0622929603592437,1.1772062296671522,1.0723624094445163,1.048393224996631,0.7690254751777758,0.9458352357608144,-0.007520274968931522,1.0292272463364391,0.472307596887861,0.4544188550540379,0.3598228096961975,0.48972473399979727,0.45863970688411165,0.93050445829119,0.7157281381743295,0.962803065776825,0.905364487852369,0.7691305535180228,0.9504244497844151,-0.005491716121988637,0.9666909916060311
44,0.0001,0.5368974125868106,0.5363268607083009,0.5276163246926755,0.5428616885654735,0.5312424628855634,1.061300500691855,1.1785027094725127,1.0717993675472393,1.0468951507221271,0.7698671137409352,0.9459493396898303,-0.007286087484646183,1.0297042882177263,0.4721604585647583,0.4541832038334438,0.35924045528684345,0.4895477294921875,0.45853748491832186,0.9302791271890912,0.7155034712382725,0.9625491670199803,0.9051683630262103,0.7692037650517055,0.9504098381314959,-0.0053551226987370425,0.9667416385241917
45,0.0001,0.5370288564352328,0.5354951614661687,0.5241919550226541,0.541555598369681,0.5329298696311215,1.060344556366724,1.167292606538184,1.070446608478657,1.046677456674614,0.7693901804264653,0.9460222731640321,-0.007191456281281853,1.0293801021249513,0.4720075215612139,0.45392586077962604,0.358548994575228,0.489384868315288,0.4584120980330876,0.9300531915255955,0.7151575343949454,0.962312570640019,0.9049567154475621,0.7692915626934597,0.9503805467060634,-0.00522456258269293,0.966795529638018
46,0.0001,0.53662014517591,0.5345431440432821,0.5201194290766632,0.5419107881941526,0.5318795047143631,1.0611218250076633,1.1785687707317807,1.0716778573075907,1.0466508645706698,0.7697418010445642,0.9460896157021531,-0.006885221721025378,1.0278378232710035,0.4718555382319859,0.45365344626562937,0.3577773230416434,0.48921912908554077,0.4582947152001517,0.9298237817628043,0.7147255369595119,0.9620749865259443,0.9047424963542393,0.7691598449434552,0.9503073692321777,-0.005094328961734261,0.9668916804449899
47,0.0001,0.5360527157579499,0.5347389364269755,0.5242421393454313,0.5407037542536812,0.5317953849308027,1.0602782809659541,1.1743000860018384,1.0704368821430805,1.0463190606098751,0.7696146194552668,0.9459530726814706,-0.0066389069521637116,1.0296102773102773,0.4717065819672176,0.4534131586551666,0.35716718435287476,0.4890522871698652,0.4581785670348576,0.9295928222792489,0.7143596581050328,0.9618235315595355,0.9045366219111851,0.7690427473613194,0.9503220064299447,-0.0049677979467170575,0.9669194987842015
48,0.0001,0.536000494455788,0.5322617139397385,0.5106194731479227,0.5414183527248217,0.5314287851010467,1.060134905512103,1.168385335872735,1.0707642262279817,1.0458973226925339,0.7696969149728808,0.9461120442873535,-0.006967214593866758,1.028721493513191,0.4715542878423418,0.4531910164015634,0.3566711587565286,0.48887719001088825,0.4580606051853725,0.9293708460671561,0.7141925862857273,0.9615806766918727,0.9043341023581368,0.7690573845590863,0.9502195375306266,-0.004859230281519038,0.9669827052525112
49,0.0001,0.535279171166254,0.5302472795273193,0.5028860791540118,0.5408929181112538,0.5307452880649381,1.0603379130839485,1.175663191321504,1.0707364924213782,1.0460951639051377,0.7698708565250099,0.9460484680623513,-0.006543847393027745,1.0277471283946933,0.47140130400657654,0.45294556873185293,0.35606174383844647,0.4886953490121024,0.45795180967875887,0.9291628088269915,0.7140537074634007,0.9613490104675293,0.9041472162519183,0.7691012791224888,0.9502049003328595,-0.004746320956785764,0.9671254413468497
50,0.0001,0.5351854180582442,0.5305685512147763,0.504968713265586,0.5408069754218076,0.5305710285987028,1.0599608905507167,1.1726524097472004,1.0710466461595098,1.045119074842145,0.769498650951516,0.946125142994569,-0.00676159500035511,1.0290753954285154,0.4712428024836949,0.45270626885550364,0.3554984671728952,0.4885170928069523,0.4578267421041216,0.9289370179176331,0.7138085535594395,0.9611086760248456,0.9039365734372821,0.7691452077456883,0.950278103351593,-0.004660374285387141,0.9671882050377982
51,0.0001,0.5338841427480977,0.5295346367719578,0.5053673806152409,0.5392273854882936,0.5294915292171907,1.05937493126255,1.1705635259033134,1.0700357681808645,1.0450077865440643,0.769833446807067,0.9461737716123164,-0.00640760749287338,1.0265878314504062,0.47110346811158316,0.45244748677526203,0.35473775437899996,0.4883708230086735,0.45771503874233793,0.928718524319785,0.7133772032601493,0.9608770268304008,0.9037383709635053,0.7688670839582171,0.9502049173627581,-0.004521368969497936,0.9673837338175092
52,0.0001,0.5326901149967366,0.5277202284070879,0.49995673022403486,0.5389373489128,0.5275340072440884,1.058824491038434,1.1706619223253563,1.069781476133426,1.0441395064047658,0.7702767161798014,0.9461214003805019,-0.006692860051840799,1.0261357316138469,0.4709480745451791,0.45224294492176603,0.3543453429426466,0.4881952575274876,0.45758746777262005,0.9285130330494472,0.7131936805588859,0.9606635655675616,0.9035395554133824,0.7688085607119969,0.9502195545605251,-0.004433041272152748,0.9674280200685773
53,0.0001,0.5335888593317915,0.5301477573153228,0.5086471883487647,0.5400777970527283,0.5279313820943925,1.05894074002063,1.1709854241037667,1.0694915736938841,1.044655138264366,0.769859627050736,0.9461101812086851,-0.00629169623172511,1.027566347473088,0.47080918295042856,0.45201543399265837,0.35374490703855244,0.4880511164665222,0.45746965067727224,0.928319684096745,0.7128859417779105,0.9604652098246983,0.9033552067620414,0.7687646235738482,0.9501463770866394,-0.004306805819006903,0.967626018183572
54,0.0001,0.532565872242841,0.527461842033976,0.5000662617151627,0.5379205023943188,0.5282944707583511,1.0573595560963875,1.173694787709562,1.0678356915151332,1.0430058368736175,0.7701476671596424,0.9465459637212128,-0.005986674587681669,1.0261009900962974,0.4706678262778691,0.45177160842078073,0.35307365230151583,0.4879011852400644,0.4573543071746826,0.9281182970319476,0.712539187499455,0.9602503606251308,0.9031725525856018,0.7687500034059797,0.9500731910978045,-0.0042126224642353395,0.967843736921038
55,0.0001,0.5313982661628615,0.5256392333212405,0.4958486619909627,0.5363751675697714,0.5276063311392419,1.0590440236155265,1.174132601710231,1.0693264785522878,1.0449251319365167,0.7698914254316928,0.9462411045960134,-0.006229276112607519,1.025683716781059,0.4705128286566053,0.45150017738342285,0.352327082838331,0.48772583263260977,0.45723940644945416,0.9279133677482605,0.7123028721128192,0.9600275158882141,0.9029861433165414,0.768735374723162,0.950058536870139,-0.004127804821889315,0.9680690765380859
56,0.0001,0.5304495546046626,0.5218568245003173,0.47885025088200894,0.5365051446951122,0.5261139839428599,1.0581591129302979,1.166656626746509,1.0684403476889175,1.0442615643407165,0.7695697305274567,0.9465796290230084,-0.0059253821702391395,1.0251587216539921,0.4703787522656577,0.4512113034725189,0.35140359827450346,0.487567948443549,0.4571553042956761,0.9277338555880955,0.7120042358125959,0.9598267078399658,0.9028318439211164,0.768662188734327,0.9500292795045036,-0.00399888729277466,0.9684833799089704
57,0.0001,0.5301658252750338,0.5222812377923703,0.4827918993087068,0.5357480752624516,0.5261627070848015,1.0580755880881363,1.1711139053327317,1.0688622647942099,1.0435207646299756,0.7702374344747949,0.9463720225771018,-0.0062428445990117135,1.024275682071788,0.47026050090789795,0.4509131056921823,0.35035307918276104,0.4874359241553715,0.4570817266191755,0.9275729060173035,0.711657634803227,0.9596483962876456,0.9026947702680316,0.7683108704430717,0.9498828904969352,-0.003856674235846315,0.9690414071083069
58,0.0001,0.5305851211020148,0.522498494410474,0.48258963014762607,0.535747598731307,0.5270225795010329,1.0584188754124704,1.1686651912744699,1.0694364412675499,1.0437268546425948,0.7701083823945002,0.9463252701286038,-0.005782229791852792,1.0255925351391502,0.4701001601559775,0.45063826867512297,0.349603818995612,0.4872622277055468,0.4569546069417681,0.9273762617792402,0.7114413976669312,0.9594391669545855,0.902510906968798,0.768237692969186,0.9498536331312997,-0.003780679278341787,0.9693575756890433
59,0.0001,0.5291693183060585,0.521523211591256,0.4839438865066459,0.5339028777324059,0.52594329915724,1.0580748150978372,1.170084115000908,1.0684985495674495,1.0439174673384555,0.7701457962946285,0.9464262743983619,-0.005804059229694473,1.023352207793417,0.46995918665613445,0.4503911648477827,0.3489162879330771,0.4871098186288561,0.4568433548722948,0.927185424736568,0.7111886739730835,0.959236775125776,0.9023344772202628,0.7681498782975333,0.9497365270342145,-0.003695689474365541,0.9697071313858032
60,0.0001,0.5286500615116126,0.5200965097136859,0.47773876968140067,0.5342480837108745,0.5247490140484594,1.0574103748873174,1.1730480610950293,1.0686327823556225,1.0423335064089918,0.7697174933319831,0.9463477155785526,-0.005518252386233923,1.0244613609107236,0.46982321568897795,0.4500929798398699,0.3479352465697697,0.4869654391493116,0.45674398115703035,0.9270043798855373,0.7107918177332196,0.9590456996645246,0.902170045035226,0.7680913380214146,0.9496487038476127,-0.00355495439310159,0.9702899711472648
61,0.0001,0.5291945505536629,0.5197914819410033,0.4743020167639102,0.5343270656114568,0.525891792719798,1.0577847059291223,1.1705906050108665,1.0684541745384422,1.0433551841508437,0.7691264652009019,0.9463196579415799,-0.005296542831997802,1.0253727942688153,0.4696738379342215,0.44980485098702566,0.347068509885243,0.48680380838257925,0.4566307876791273,0.9268331101962498,0.7104933517319816,0.9588691166469029,0.9020081162452698,0.7678864172526768,0.9496340581348964,-0.003429551941475698,0.9708125761577061
62,0.0001,0.5266132644769197,0.5160172306940478,0.46465062904684323,0.532497673733739,0.5227941903670855,1.05802870429181,1.1627582053218783,1.0685955421352005,1.0439708285921991,0.7696221056354433,0.9464113018339998,-0.005157158032157424,1.022348942446559,0.4695628455707005,0.44956396307264057,0.3462810346058437,0.4866860253470285,0.4565490909985134,0.9266851118632725,0.7102619665009635,0.9587050420897347,0.9018790636743818,0.7677693111555917,0.9495901550565448,-0.0033213018905371428,0.9714170268603733
63,0.0001,0.526478416193436,0.5160825631989796,0.4652663063166554,0.5326505997693681,0.5223466529719706,1.0574479028625074,1.1673972945653976,1.0678400662172474,1.0433910038562346,0.7691713554207692,0.9462336201159123,-0.005451150883480065,1.023460812556424,0.4694287053176335,0.449289756161826,0.3454129993915558,0.48654902832848684,0.4564420410564968,0.9265326006071908,0.7100400158337185,0.958537791456495,0.901743403502873,0.7675058330808368,0.949546251978193,-0.003200611997661846,0.9720778380121503
64,0.0001,0.5278055246938519,0.5175495633756645,0.4694972492699207,0.5319186859109098,0.5256358801264526,1.057882121679651,1.1735976092215612,1.068410928291521,1.0434962430819061,0.7690254637192674,0.9465440959503361,-0.005079073826657556,1.0243510972141063,0.4692793275628771,0.44902379172188894,0.34465406196458,0.4863955335957663,0.456317412001746,0.9263590318816048,0.7097914133753095,0.9583508031708854,0.901586515562875,0.7674326726368496,0.9494584117616925,-0.0031117958881493124,0.9726302879197257
65,0.0001,0.526225101689373,0.5131075139461894,0.45232097171268254,0.5308461922002532,0.5240674138545174,1.0578406560917413,1.1664996566394363,1.0685375503179895,1.0435216158917477,0.7687336888846437,0.9466862373874314,-0.005205618902930381,1.0237055296090012,0.4691308055605207,0.4487416020461491,0.34380381447928293,0.4862457641533443,0.4561931916645595,0.9261859144483294,0.7094913295337132,0.958165202822004,0.9014296531677246,0.7672131061553955,0.9493413312094552,-0.003017083542155368,0.9732282417161124
66,0.0001,0.5249052771961628,0.5118622045923625,0.4495680397636742,0.5312602699856995,0.5210615129927806,1.0570111545711263,1.1676190413547392,1.0672396105898494,1.0430958382891575,0.7691489023544825,0.9465497147336526,-0.005071652190376199,1.0231190387412472,0.4690179441656385,0.4484543076583317,0.3427801047052656,0.4861256905964443,0.45611812812941416,0.9260535751070295,0.7091959885188511,0.9580180219241551,0.9013173750468663,0.7669203707150051,0.9492095964295524,-0.0029103252704122235,0.9741200038364956
67,0.0001,0.5254299360313078,0.5123559009396411,0.45145941258360844,0.5303317825078828,0.5229937042159076,1.057390604064047,1.1662566777779861,1.0680960026796518,1.0430563556352344,0.7687168576618092,0.9465048288999798,-0.00498633449355271,1.0242811749475178,0.4688717850617,0.4481939162526812,0.34203361187662396,0.4859785395009177,0.4559930307524545,0.9258991054126194,0.7090650967189244,0.9578571149281093,0.9011692404747009,0.7665397950581142,0.9490046926907131,-0.0028312670599137035,0.9747273921966553
68,0.0001,0.5251959863214988,0.5113396462684213,0.4469093517854563,0.530286618524868,0.5227148715455533,1.0576920681386013,1.1679975705628252,1.0682544543004622,1.0434530362087322,0.768780445481326,0.9463645494875061,-0.004939822331060275,1.0238170033513105,0.468747649874006,0.44783841712134226,0.3406924860818045,0.4858536975724356,0.45591018881116596,0.9257858906473432,0.7086709141731262,0.9577314938817706,0.901077858039311,0.7659689869199481,0.9488144176346915,-0.0026786921080201864,0.9758348720414298
69,0.0001,0.5222687172808106,0.5088149471345522,0.44496052588521584,0.5284425715888764,0.5186718432174298,1.0570248424904862,1.1740556520118213,1.067944660196288,1.042204017953334,0.7681838210419254,0.9464094348451578,-0.004460154987416877,1.0222389438597053,0.46861645579338074,0.4475292222840445,0.3396349826029369,0.4857125963483538,0.4558197430201939,0.9256614531789508,0.7084626044545855,0.9575944287436349,0.9009683898517064,0.765485942363739,0.9486533999443054,-0.002543430941711579,0.9768951535224915
70,0.0001,0.5239036848085374,0.5092239237416492,0.44167895493545467,0.528618555594633,0.5219295060233395,1.057911222958932,1.1716010656889955,1.0674673763942664,1.0445654863843357,0.7683484032367612,0.9463028300848948,-0.004818144376247301,1.024577160698988,0.4684758612087795,0.4472325529370989,0.33868185537202017,0.4855635336467198,0.45571471537862507,0.9255219187055316,0.7081887125968933,0.9574457236698696,0.9008417470114571,0.7650321977479118,0.9484777791159493,-0.002436521230265498,0.9779339943613324
71,0.0001,0.5204265545384243,0.5016419208532595,0.417338010588851,0.5244372566291692,0.5198522332186571,1.0569449053855196,1.1639867601432734,1.0677282024776331,1.0425936286951294,0.7681557630989393,0.9464599386461109,-0.004663113395346972,1.0218617563851546,0.4683250444275992,0.4468911077295031,0.33752977209431784,0.485411069222859,0.45559872899736675,0.925388046673366,0.7079178946358817,0.9573112045015607,0.9007134352411542,0.7644467353820801,0.9482143095561436,-0.002322021855174431,0.9791407755443028
72,0.0001,0.5216380857904502,0.5051459677547165,0.42934153024564115,0.5268591526774631,0.519493599789386,1.0594346649090494,1.1669638617951328,1.070043019682628,1.0452422793769727,0.7671888129614587,0.9459156677237389,-0.004422149168836411,1.0238584203170629,0.468122844185148,0.4465808527810233,0.3367686165230615,0.48519957065582275,0.45542447907584055,0.9252129622868129,0.7078355380467006,0.9571364607129779,0.9005354557718549,0.7641100798334394,0.9480679375784737,-0.002263306872919202,0.9799831850188119
73,0.0001,0.5205706954342395,0.5046124967655589,0.43099379786000686,0.5258776641408852,0.5182496490508437,1.0580156980346966,1.1703721363749833,1.0682194827287046,1.0440665452193343,0.7673141119552216,0.946207442252349,-0.004364073542687836,1.0229628602913021,0.46796039172581266,0.4462906931127821,0.3359438819544656,0.48502747075898306,0.4552939534187317,0.9250535539218357,0.7076983877590725,0.9569700019700187,0.9003820078713554,0.7639344419751849,0.9479361772537231,-0.0021774653411869493,0.9810018283980233
74,0.0001,0.5197200184880293,0.5018718350430046,0.41969190751289004,0.5255054937929544,0.5172689753774229,1.058307948006403,1.174690339066135,1.0690611920490036,1.0436755099163284,0.766767971255884,0.9460578124589806,-0.004297894357155883,1.023812730211703,0.4678059092589787,0.4459584185055324,0.3348589560815266,0.48486764090401785,0.4551759830542973,0.9249030777386257,0.7074629834720066,0.9568091375487191,0.9002449938229152,0.7635392206055778,0.9477751765932355,-0.0020834691656221238,0.9822724291256496
75,0.0001,0.5201929540071091,0.502172095838167,0.419712124826972,0.5255453892591948,0.5181899277468919,1.058736852421736,1.168996280217538,1.0696706911936802,1.0441277084252663,0.7662480223947298,0.9462579434691873,-0.004790385331559015,1.0249386875546462,0.46765056252479553,0.4456534428255899,0.33393649969782147,0.48469262037958416,0.4550660720893315,0.9247530017580304,0.7073421648570469,0.956636301108769,0.9001159923417228,0.7630854674748012,0.9475848845073155,-0.002000975306145847,0.9835869244166783
76,0.0001,0.519080755782685,0.5011340208347362,0.41959293876045173,0.5238605342758633,0.5176171965756827,1.0585312528468782,1.1753049157241107,1.0691233492550412,1.0440467502209914,0.7658907983619964,0.9459306279455534,-0.004011536607110143,1.0252049841067483,0.4674380379063742,0.4453317012105669,0.3331735410860607,0.48445746302604675,0.45489420209612164,0.9245651364326477,0.707305874143328,0.9564273697989327,0.8999445353235517,0.7628220064299447,0.9473360776901245,-0.0019288416619279555,0.9845292142459324
77,0.0001,0.5187231012568498,0.5005047324379716,0.41652798132425845,0.5247165834094482,0.5161361035726714,1.0580493541560851,1.1724755156740623,1.0689823794079316,1.0433024777321562,0.7661376657039862,0.9461195297194969,-0.004346381486125218,1.025432161787069,0.4672399163246155,0.4450590653078897,0.3325985882963453,0.48424473830631803,0.4547232048852103,0.9243883405412946,0.7073387588773455,0.9562337824276516,0.8997782383646283,0.7622950758252826,0.947072616645268,-0.0018860577505880169,0.9854749185698373
78,0.0001,0.5174796322516829,0.4957603010122122,0.39774286250556734,0.5226328849656474,0.5163176071623429,1.0592156414705485,1.1673702250462699,1.0705902666890545,1.0442357880689725,0.7657392944394692,0.9462841205167145,-0.00427835399929925,1.0241532452230242,0.46710194434438435,0.44475180762154715,0.33157909342220854,0.48409785117421833,0.4546234352248056,0.9242330193519592,0.7070737906864711,0.956058246748788,0.8996465972491673,0.7614607470376151,0.9467944843428475,-0.0017924075114673802,0.9871424436569214
79,0.0001,0.516009206354992,0.4964933107392963,0.408360393504313,0.5206961223076768,0.5149105557087008,1.0586211313809657,1.172731281448893,1.0690031016954202,1.0444354818197774,0.7652586293574136,0.9461120491155678,-0.004450720299249945,1.023778797148026,0.4668873889105661,0.4444522559642792,0.33091289017881664,0.4838869997433254,0.4544205921036856,0.924040538924081,0.7070550663130624,0.9558532578604562,0.899461030960083,0.7610216821943011,0.9465895806040082,-0.0017390404328969972,0.9880654811859131
80,0.0001,0.5159968414343362,0.49443428865243416,0.3976480079696849,0.5206153780068933,0.5153232835152458,1.0592353792783538,1.1725864938103805,1.0698565795499124,1.044835558905985,0.7649762017075429,0.9460391102691276,-0.004295456162624643,1.024559854951098,0.46669003793171476,0.4441391995974949,0.3301236182451248,0.48367397274289814,0.4542582929134369,0.9238722494670323,0.7070213641439166,0.9556669763156346,0.8993057268006461,0.7605825747762408,0.9463846428053719,-0.0016548462112301163,0.989247705255236
81,0.0001,0.5149476555368931,0.49121347047639313,0.3841415076376844,0.5205425119576832,0.5137130043469901,1.0594140931802414,1.173757561192945,1.0704366146872129,1.044579914890557,0.7651912867512896,0.9460522096563732,-0.004073150322336387,1.0238214188552353,0.4664665673460279,0.4438268712588719,0.32942430887903484,0.48345848492213656,0.454042558159147,0.9236837114606585,0.7070539167949131,0.9554646015167236,0.8991248522486005,0.7602751765932355,0.9461211817605155,-0.0016192842407950333,0.9903010470526559
82,0.0001,0.5149431635125732,0.4930169149527737,0.39388490442337476,0.5203172186749769,0.5136043866294082,1.0601655135682428,1.1773694119518714,1.0704316826323679,1.0459924499375168,0.7639512586648031,0.9455883603264655,-0.003928490722614632,1.0257800623681024,0.4662585769380842,0.44347383294786724,0.3284423734460558,0.48326006531715393,0.45385106972285677,0.9234958120754787,0.7068307995796204,0.9552571943828038,0.8989565372467041,0.7598507148878915,0.9458723664283752,-0.0015756901619689806,0.9916947313717434
83,0.0001,0.5118946938839763,0.4878991252343721,0.37999535839488285,0.5172209586338254,0.5109652067788043,1.0594428819856574,1.1754571397985925,1.0702058276787392,1.0448129627613496,0.7645909145975957,0.9463813808463467,-0.003828504716093438,1.0224122652243153,0.4660888654845102,0.4432860953467233,0.3281614226954324,0.4831063747406006,0.45366876891681124,0.9232993636812482,0.7067657794271197,0.9550486292157855,0.8987680162702288,0.7594408733504159,0.9457113657678876,-0.001547277140031968,0.9926278676305499
84,0.0001,0.512852372269051,0.48777906532907783,0.3773323493179293,0.5162298891521221,0.5139921180058125,1.0599451757334193,1.1701231148334075,1.0706075793052494,1.045610079612993,0.7643627351308236,0.946054071817001,-0.003932451606610991,1.0240210977473805,0.46591827273368835,0.4430807743753706,0.32780047612530844,0.4829427344458444,0.45349763120923725,0.9231413517679486,0.7067980255399432,0.9548720632280622,0.8986216528075082,0.7591335007122585,0.9454771791185651,-0.0015119434267814671,0.9938522917883736
85,0.0001,0.5102102220976482,0.48582739698771266,0.37537236289847464,0.5163919950680806,0.5085230511695538,1.059039105637306,1.1751932552455155,1.070496858084331,1.0437092245883148,0.7638016290074406,0.945971776775408,-0.003934898108761528,1.02266717378711,0.46567752957344055,0.4428499383585794,0.3276031570775168,0.48271019969667706,0.4532473513058254,0.9229421019554138,0.7068933248519897,0.9546655586787632,0.898419805935451,0.7588407482419696,0.9453747187341962,-0.0015450215765408107,0.99421569279262
86,0.0001,0.511559834241595,0.4853500975279963,0.3680125569964026,0.5168809762221367,0.5110236401906098,1.0609150551008757,1.1720262707401805,1.0715830293438875,1.0465434423461344,0.7631862884035671,0.9460185353101762,-0.0037131981764262872,1.0249193944865747,0.46548032760620117,0.4426287923540388,0.3272630934204374,0.48252936771937777,0.45303828375680105,0.9227655274527413,0.7069526825632367,0.9544687782015119,0.8982565062386649,0.7582699060440063,0.945111232144492,-0.0015362857874216779,0.9953428421701703
87,0.0001,0.5083982084250355,0.4816915983821893,0.36210471238671066,0.5138439356056677,0.5078289207906228,1.0599851256700767,1.1683331650118112,1.0705431390339077,1.045815241418426,0.7637305546337309,0.9460522027200654,-0.003874607792621424,1.021417373122995,0.46530025345938547,0.44226079327719553,0.3260819911956787,0.4823601118155888,0.4528811701706478,0.9226058721542358,0.7065771818161011,0.9542917098317828,0.8981209652764457,0.7572892308235168,0.9447892137936184,-0.0014711410040035844,0.9977421249662127
88,0.0001,0.5095995938988733,0.4837073721990406,0.36835462881780257,0.5143211073217158,0.5095862919986418,1.060360604874828,1.1803245313223334,1.0709746540170768,1.0457474699172713,0.7627860465120467,0.9461980921094647,-0.004003323470622182,1.0245546474500309,0.465128025838307,0.4419978814465659,0.3254114474569048,0.48220825621059965,0.45270485963140217,0.9224300810268947,0.7064101355416434,0.954089879989624,0.8979706253324237,0.7564402563231332,0.9443940264838082,-0.0014157176483422518,0.9995711445808411
89,0.0001,0.5062592813306309,0.47989103699573704,0.36167519475416804,0.5117729750620728,0.5055650118345271,1.0600506235243454,1.1750210908502425,1.0703980191666538,1.0458708919937516,0.7628103582368058,0.9459343637933203,-0.0034367407449503594,1.0224733247256457,0.4648806239877428,0.44180354475975037,0.3254495050225939,0.4819545532975878,0.45245460101536344,0.9222184334482465,0.7064427648271833,0.9538699303354535,0.8977593609264919,0.7563817245619637,0.9443500978606088,-0.0014644992438011936,0.9999391692025321
90,0.0001,0.5070258956838185,0.47985865723998355,0.3589145747580259,0.511895604427379,0.5070931198626876,1.0596833019615648,1.1757456304274894,1.0704980375286652,1.044999798025598,0.761914466764338,0.94570618864474,-0.003471201562513403,1.0245852092641188,0.464688594852175,0.44157434361321585,0.3250401999269213,0.48178328360830036,0.45224882449422565,0.9220312322889056,0.7063644102641514,0.9536608031817845,0.8975904498781476,0.7557376963751656,0.9441891057150704,-0.001473536349034735,1.0012609447751726
91,0.0001,0.5044236464018966,0.4777713933129754,0.3585502514312829,0.5097419850090471,0.503967812179635,1.0597478635502895,1.1804644273337948,1.0699875432970316,1.0454844130289194,0.7617648475794403,0.9458034469002802,-0.00359986829680337,1.0224088581371362,0.46443951555660795,0.44131003107343403,0.324704361813409,0.48154036487851826,0.451996522290366,0.9218587023871285,0.7064387457711356,0.9534843734332493,0.8974141308239528,0.7555620670318604,0.9442037514277867,-0.0015087253913017257,1.0018029383250646
92,0.0001,0.503755207137931,0.4754765928641633,0.3502109826665161,0.508228931743896,0.5043997486115046,1.059159766723276,1.169129955516974,1.0696780986263625,1.0449755593700811,0.7621482606962349,0.9459886092902998,-0.0037841617652516297,1.0221873805377393,0.4642440250941685,0.44122625248772757,0.325078940817288,0.4813618404524667,0.45176514983177185,0.9217007500784737,0.7066806299345834,0.9533264807292393,0.8972424524171012,0.755649881703513,0.9442915575844901,-0.0015463788794087513,1.0017705304282052
93,0.0001,0.5031649885657714,0.47563838418116244,0.3530738424792401,0.50811848124299,0.5032145745299982,1.0594195853419395,1.18184753108283,1.0709694588585574,1.0437887532671588,0.7620659666066841,0.9460709044338973,-0.0034371423810569306,1.0207408197729912,0.464217232806342,0.4411861939089639,0.3249047377279827,0.4814086897032602,0.45166962913104464,0.921550818852016,0.7065691266741071,0.9531580039433071,0.8971092190061297,0.7549911992890495,0.9440427252224514,-0.0014774332355175699,1.0037811653954642
94,0.0001,0.5015443836153404,0.47212749658417036,0.3416304345037076,0.5063781580174235,0.5020410773996211,1.0598207893061489,1.1752817483201274,1.070264922368887,1.045527938292221,0.7619593486198343,0.9462672829355979,-0.003744275744225303,1.0203703772457273,0.4641251862049103,0.44094581263405935,0.3239769296986716,0.48136920588357107,0.4515527146203177,0.9213880300521851,0.7061888064656939,0.9529788408960614,0.8969702635492597,0.7538641946656364,0.9437353355543954,-0.0014158447738736868,1.0066110406603133
95,0.0001,0.5018419396584876,0.4727040884566865,0.34302409759128155,0.5070294993337195,0.5019483772333323,1.059453299231891,1.1711644568718032,1.0699117891596714,1.0452710324128016,0.759681295206121,0.9455023175705791,-0.003042837122749565,1.0249061615074013,0.46399395380701336,0.44083112478256226,0.32389065410409656,0.4812780363219125,0.4513798696654184,0.9212034940719604,0.7059285385268075,0.9527905327933175,0.8967922074454171,0.7534982647214618,0.9435304403305054,-0.0014244219720629708,1.0075501033238001
96,0.0001,0.5014514221134556,0.46919563839385253,0.32753193024832794,0.5053961139811969,0.503303956948072,1.0592410175105333,1.1636184321018335,1.0696516116550836,1.045351261590728,0.7611588581724977,0.9459362476809121,-0.0033164564842869315,1.0229289042086038,0.463828729731696,0.44076924664633615,0.32422392070293427,0.4811562810625349,0.45115440658160616,0.9210642661367144,0.7061440008027213,0.9526435817990985,0.8966486624308995,0.7534982562065125,0.9435889806066241,-0.0014793178332703455,1.0075183936527796
97,0.0001,0.4985907371902357,0.46740317076053606,0.3309627638261657,0.5018993702127943,0.5008697295896135,1.059194304435782,1.1741230342297029,1.0695782630564619,1.0449794714476677,0.7608839170768202,0.9460933457696635,-0.0035059686405642656,1.020227836460912,0.4636491664818355,0.44059877736227854,0.3240637055465153,0.48100349732807707,0.45094763806888033,0.9209188989230565,0.7061631679534912,0.952498061316354,0.896498475755964,0.7529859627996173,0.9435157861028399,-0.001499588052476091,1.0082493935312544
98,0.0001,0.4980282869022095,0.46720650290599636,0.33053588588375127,0.5030371081774668,0.49860258178580374,1.0587126277068377,1.1808429802749338,1.0696772858202968,1.0436767164258636,0.7607455124055326,0.9460334996801747,-0.0030583837298018657,1.0207789128192546,0.463595769235066,0.4405563644000462,0.3240110938038145,0.48100382515362333,0.4508407243660518,0.920780965260097,0.7060451677867344,0.9523488368306842,0.8963717477662223,0.7520930937358311,0.9431352615356445,-0.0014445022846172964,1.0103624292782374
99,0.0001,0.4997058400785454,0.46616246162382996,0.3195560753379491,0.5031312293348078,0.5022854041488798,1.0590370325313183,1.1657013568073018,1.0690900930253968,1.0454285554184073,0.7604892779879072,0.9458296412205737,-0.003565827257085445,1.0233409232707005,0.46346786618232727,0.4404605541910444,0.32402223135743824,0.480904472725732,0.45067955340657917,0.9206523469516209,0.7060958402497428,0.9522047127996173,0.8962522745132446,0.7517271723066058,0.9429742608751569,-0.0014339780900627375,1.0111129113606043
100,0.0001,0.4969044737454081,0.4634105436678145,0.3174797924191899,0.4998880877742343,0.4999017612769545,1.0594959120307048,1.1820794697564054,1.0694351169087855,1.0454706340535191,0.7602236874091306,0.9460428471709413,-0.002901742913793715,1.0212710709552797,0.4633123619215829,0.4402785045760019,0.3237248297248568,0.48075139096805025,0.45052608847618103,0.9204908524240766,0.7059912937028068,0.9520288109779358,0.8961027179445539,0.7514490740639823,0.9427839687892369,-0.0014443746269015329,1.0120095951216561
101,0.0001,0.4956238616281282,0.46283612010551056,0.3175714682900287,0.5008348786552089,0.49634794602717797,1.0597951935144132,1.1735994273162338,1.0707647559034845,1.04503197807349,0.7596139619844136,0.9459773841682191,-0.003577116425258054,1.0214302401099284,0.4632244450705392,0.4401830860546657,0.3235697405678885,0.4806895596640451,0.45041451709611074,0.9203485420772007,0.705752534525735,0.951878479548863,0.8959712982177734,0.7504830190113613,0.9425790395055499,-0.0014365901006385684,1.013829571860177
102,0.0001,0.4944139725129671,0.46119974200819397,0.31302596342203215,0.5006612346162812,0.4942130974477451,1.058936747563477,1.1693197246014018,1.0706116777111039,1.0435824352744234,0.7584618381344109,0.9457267691459373,-0.0034210966566351232,1.0225107020401505,0.46333711062158855,0.44041443722588675,0.32422836124897003,0.48087730578013826,0.4504337353365762,0.9202142187527248,0.7055240869522095,0.9517322949000767,0.8958521996225629,0.749751159123012,0.9421691979680743,-0.0013913687019209778,1.0159527233668737
103,0.0001,0.49437662180464265,0.4609785401950342,0.31308463348433824,0.49961350139929644,0.4951828519956629,1.0580251503861162,1.1679159336884364,1.069089092531003,1.0432980960937344,0.7587479984699081,0.9457080532874779,-0.003251649235989909,1.0228341090903579,0.46325919032096863,0.4404252086366926,0.32457212678023745,0.4808419133935656,0.4502993907247271,0.9200897812843323,0.7054698893002102,0.9516060182026455,0.8957277366093227,0.7495901669774737,0.9421252948897225,-0.0014167329063639045,1.0164965050561088
104,0.0001,0.4932071949778729,0.460666144805436,0.31620420667694016,0.4986546792034687,0.4936598480869822,1.057522294797424,1.1733752608775276,1.0685260576720381,1.0426567248188285,0.7583103484925173,0.945762297968421,-0.002917662452315594,1.0225441821017267,0.46324662225587027,0.44056650570460726,0.3253238775900432,0.4808724990912846,0.45021829434803556,0.9199686050415039,0.7054667557988848,0.9514665518488202,0.8956210272652763,0.7494437949998038,0.9420228259904044,-0.001420430572969573,1.0172044805118017
105,0.0001,0.4922865001868331,0.45926750903121416,0.313496865701893,0.497041737275061,0.49349087226819255,1.0578280062384424,1.1664560726555293,1.0680334891038015,1.0440015253242736,0.7590453886196944,0.9462672932720565,-0.0027559961616531806,1.0209919067362139,0.46310836928231375,0.44052328382219585,0.32566488853522707,0.4807538219860622,0.4500446021556854,0.9198725308690753,0.7055336151804242,0.9513660158429827,0.8955233948571342,0.7497950622013637,0.9420960290091378,-0.0014812269281329854,1.0167482665606908
106,0.0001,0.49068984418206396,0.45678670518206516,0.3072436181599932,0.4954479215183193,0.49204670951084895,1.0582494538509022,1.1906123315342751,1.0691520401021106,1.0429347731083785,0.7584487468055229,0.9461756478495688,-0.0029902198534943396,1.019795855011045,0.4631477636950357,0.44061691420418875,0.3259439170360565,0.48083737918308805,0.4500314635889871,0.9197514568056379,0.7052983130727496,0.951233080455235,0.8954180308750698,0.748829049723489,0.9417447362627301,-0.0014607463131791779,1.0188764844621931
107,0.0001,0.48935442778701044,0.4548994283368774,0.3033082972610602,0.49382322564236586,0.49108717353834946,1.0573580662862818,1.178339181460453,1.0671727147295484,1.0435108535982036,0.7589443780256555,0.9460989596227612,-0.002929138504202476,1.0192597388405156,0.46294871398380827,0.4404364143099104,0.3258272281714848,0.4806525238922664,0.4498156862599509,0.9196611557688031,0.7053349528993879,0.9511469517435346,0.8953191723142352,0.7489314930779594,0.9417886308261326,-0.001518903366689171,1.0189216903277807
108,5e-05,0.4876331387760295,0.4525622748947796,0.29749512966537367,0.492910055691218,0.4886940339600367,1.05646662234716,1.164182103843058,1.0669822526263701,1.042360251927743,0.7585067316864261,0.9459661687025668,-0.003434080411124862,1.0181502158207956,0.46285252485956463,0.4403396419116429,0.3257098070212773,0.4805737478392465,0.44970262476376127,0.9196257676397052,0.7054329088756016,0.9511104822158813,0.8952809912817818,0.7491217936788287,0.9419643027441842,-0.0015414350366752063,1.0182448029518127
109,5e-05,0.49038869604952867,0.4552624562741414,0.3017380951781036,0.49397550621035435,0.4930902531639345,1.058105749670465,1.1725944604318752,1.0686388155493272,1.043756182303921,0.7592473830825862,0.946459935109954,-0.0030301677516549486,1.0189319545380808,0.4629370314734323,0.44043454953602384,0.3258135510342462,0.4806924717766898,0.4497520114694323,0.9195627399853298,0.7051382575716291,0.9510434014456612,0.8952294673238482,0.7482435618128095,0.9414519837924412,-0.001501636696048081,1.0203752687999181
110,5e-05,0.4880400349328128,0.4528212899217861,0.2980465684457976,0.4924401139369775,0.48997304229415356,1.056261100091733,1.1652167616608615,1.0666635978990326,1.0422266959055995,0.7584786704112921,0.9460222784682675,-0.003080698183160732,1.019717239068701,0.4629757148878915,0.44051291261400494,0.3260134203093393,0.4807761652129037,0.4497404524258205,0.9195251890591213,0.7051293253898621,0.9509986894471305,0.895198038646153,0.7478776233536857,0.9412470885685512,-0.0014900881630767668,1.0211513212748937
111,5e-05,0.48964803725804046,0.45607562083485326,0.30789162491432814,0.4944545320286726,0.49090006697606303,1.0574911398950197,1.177741804261651,1.068954501094916,1.0420191834738646,0.7580185739639074,0.9457828740834238,-0.0031178538159308427,1.021781536081622,0.462889701128006,0.44046241896493094,0.32609724359852926,0.4807059381689344,0.44963333010673523,0.9194977368627276,0.7052535499845233,0.9509706837790353,0.8951656222343445,0.7483460221971784,0.9414227093969073,-0.0015422392337183868,1.0201639192444938
112,5e-05,0.4880392684708033,0.4527683151461911,0.2984299066742692,0.49181342381650356,0.4905853988066171,1.0565721419832739,1.175053381879059,1.067321332604016,1.041873531551002,0.7577642135394347,0.9458801316929353,-0.0031596817759822478,1.021224494124574,0.4628452403204782,0.44044911009924753,0.32619783920901163,0.4806794992515019,0.4495659513132913,0.9194640261786324,0.7053392018590655,0.9509320855140686,0.895133946623121,0.748477748462132,0.9415398154939923,-0.0015493795342211212,1.01979832138334
113,5e-05,0.48694201725860764,0.4515363268354452,0.29624301198544806,0.49107759993754996,0.4891630609716882,1.0579348330625586,1.1762385054173228,1.0683351105033365,1.0435910267076423,0.7586974936149083,0.9461270177357549,-0.003117113536212081,1.018686481223947,0.4627763160637447,0.44041480336870464,0.32630456345421927,0.48061689734458923,0.44948475275720867,0.9194332531520298,0.7053897210529873,0.9509006483214242,0.8951003721782139,0.7486973234585353,0.9415690984044757,-0.0015617668894784792,1.019682160445622
114,2.5e-05,0.4892839439175024,0.4533591892674387,0.2951202447320554,0.4941156908436224,0.4909242859277056,1.0572465885317945,1.1689584027068383,1.0687180779963579,1.0420511254431926,0.7584431344144901,0.9459399823726278,-0.003276449402648673,1.020320758096028,0.46288437076977323,0.4405820838042668,0.3266902289220265,0.4807570321219308,0.4495517228330885,0.9194026674543109,0.7052521705627441,0.9508667077336993,0.8950766239847455,0.748316764831543,0.9414812667029244,-0.0015325251567576612,1.0208480954170227
115,2.5e-05,0.4861097641829008,0.4499904205305401,0.28995802957740974,0.49185731582007813,0.4869004980333179,1.0572045483523889,1.16459964971439,1.0678208742016597,1.0430083081032708,0.7582785429032408,0.9460989647909905,-0.00287421362626505,1.018859886470279,0.46289039083889555,0.44062109504427227,0.3268617263862065,0.4807711201054709,0.4495439742292677,0.9193857652800423,0.7052502717290606,0.9508483750479562,0.8950610842023577,0.7482728447232928,0.9414519837924412,-0.0015349233955410974,1.02098229101726
116,2.5e-05,0.4880873340745688,0.4532139084030408,0.30087363098562614,0.49157323533986813,0.4908418449176358,1.0570556420091215,1.1755815981050526,1.0673490068399762,1.0428113634084473,0.7585478728319398,0.9461382330994027,-0.002945687159291839,1.019898775367824,0.4628991740090506,0.4406542692865644,0.32699493212359293,0.48078340717724394,0.44954526850155424,0.9193620000566755,0.70517897605896,0.9508239882332938,0.8950394647462028,0.7481264642306736,0.9413788063185555,-0.0015380818928991044,1.0215323567390442
117,2.5e-05,0.48687969577428075,0.4510599703905723,0.29378328366546175,0.4912227776073689,0.48897305061255464,1.0564901471069998,1.1672291153849566,1.0670694549357083,1.04221952967962,0.7579250506040918,0.9461513255503404,-0.0027611420377748937,1.0203590357024808,0.46292861870356966,0.44072831102779936,0.3272548317909241,0.48081708380154203,0.4495627113751003,0.9193416152681623,0.705110422202519,0.9508052808897836,0.8950191310473851,0.7480386325291225,0.9413348862103054,-0.0015419000161013433,1.0218350461551122
118,2.5e-05,0.4873720701258997,0.452605247191545,0.30077662603282546,0.4908036904476468,0.49016023906244255,1.0563354285458326,1.1664843870038926,1.0664510130542249,1.042548082722165,0.7581420114430713,0.9460690271085966,-0.0028839992436049617,1.0197441365061932,0.4629502424171993,0.4407904488699777,0.32748445655618397,0.48084382499967304,0.4495721587112972,0.9193265012332371,0.7050648927688599,0.9507894430841718,0.8950054900986808,0.7480239953313556,0.9413348862103054,-0.001550163608044386,1.0217744026865279
119,2.5e-05,0.48618208411687863,0.4511259398797683,0.29823595456273233,0.48945017853465955,0.48917883989883026,1.0567507736015103,1.174482489305432,1.0674570847496059,1.042119623182572,0.7579512408102028,0.9462448421778573,-0.003036555929478158,1.0192036350250788,0.46300813981464933,0.44090106231825693,0.32779248910290854,0.48092760358537945,0.4495958089828491,0.9193070616040911,0.7050043003899711,0.9507693563188825,0.8949879237583706,0.748038649559021,0.9412617002214704,-0.0015472496992775372,1.0220306004796709
120,1.25e-05,0.4881728640367015,0.45255479201274945,0.2954799448991597,0.4931407660602911,0.48962806254472313,1.0562828322920335,1.1629819988320367,1.067642678686774,1.0413660663777735,0.7573003571712148,0.9457510807006888,-0.0026853523691701747,1.0224519659299138,0.4630390065056937,0.44095870426722933,0.32795109493391855,0.4809711149760655,0.44960979904447285,0.9192969799041748,0.7049664514405387,0.9507591639246259,0.8949791363307408,0.7478776488985334,0.9412470885685512,-0.0015436277026310563,1.0223077024732317
121,1.25e-05,0.4878144011929997,0.4515033395917363,0.2930209671879794,0.4913127813690129,0.4908091676146795,1.0568943025041702,1.1751255445050568,1.0683665382338468,1.041481110142492,0.7584468809387307,0.9463888602602231,-0.002305409134430965,1.0198429170092786,0.4630938044616154,0.4410437856401716,0.3281517986740385,0.48103910258838106,0.44964619619505747,0.9192794816834586,0.7048668605940682,0.9507409163883754,0.8949656656810215,0.7475848964282444,0.9411007165908813,-0.0015309578572799052,1.0230199354035514
122,1.25e-05,0.4851689356194859,0.45049706662442435,0.29730209288295173,0.4902829830468347,0.48631718690165504,1.056572582132804,1.174083113126325,1.068100621410594,1.0411275014561785,0.7581607211812591,0.9461849963603806,-0.0030185180533989727,1.0173473747131556,0.46311409558568684,0.44109199728284565,0.3283094848905291,0.48106849619320463,0.44965281231062754,0.9192722695214408,0.704862722328731,0.9507331933294024,0.8949590240206037,0.7475849134581429,0.9411299909864154,-0.0015355562292305486,1.022986284324101
123,1.25e-05,0.48626805331050094,0.45145654637542915,0.2991624492886266,0.4899606933882083,0.4888123447937212,1.056767401529324,1.1781014687526723,1.0671753417541148,1.042315062630605,0.7589069832683766,0.9463664250787299,-0.0030512262082085465,1.0182341269200963,0.4631406707423074,0.4411322219031198,0.328397416642734,0.4811044377940042,0.4496683393205915,0.9192621793065753,0.7048287987709045,0.9507216044834682,0.894950270652771,0.7474678073610578,0.9410714251654488,-0.0015352139681843774,1.0232620324407304
124,1.25e-05,0.4855669756073035,0.44911296603615736,0.288921486375948,0.4901102431590259,0.4875784924352638,1.0566652146870927,1.1737110325763787,1.0677603710330152,1.0416685754206951,0.7575528537349843,0.9457847379781285,-0.0026147640601100154,1.0193972799414848,0.46316185167857576,0.4411717312676566,0.3285095585244043,0.48113069364002775,0.4496815247195108,0.9192519017628261,0.7047827158655439,0.9507115312985012,0.8949413810457502,0.7474092500550407,0.9410275306020465,-0.0015364676281543715,1.0235647984913416
125,1.25e-05,0.48654240522803544,0.4512962124310965,0.29499095693630145,0.49228545022024406,0.487184302846296,1.056424547248205,1.1725507907301647,1.0672037228814413,1.0417745811763792,0.7579362728360444,0.9462972187479087,-0.0026462211938233834,1.0197926986849928,0.46316743322781156,0.44118835244859966,0.32857202206339153,0.4811376631259918,0.4496836917740958,0.9192426119531903,0.7047709311757769,0.9507011600903102,0.894932780947004,0.7473506927490234,0.9409982476915631,-0.0015386719023808837,1.023780039378575
126,1e-05,0.4840112687925305,0.44688747062454615,0.28492190730925365,0.487527098661821,0.48713179537043594,1.0562531124913073,1.1678397473238973,1.066790892033324,1.041995802642411,0.7582991115719131,0.9464337466379199,-0.0030243020882979844,1.0165859961332897,0.4632024211542947,0.441246611731393,0.3287201906953539,0.4811817067010062,0.44970577529498507,0.9192344546318054,0.7047287566321236,0.9506936413901192,0.8949258327484131,0.7472482579095023,0.9408811501094273,-0.0015364269659455334,1.024099086012159
127,1e-05,0.48652254865296013,0.4510811996405559,0.2946817196068326,0.4915646355082767,0.4878751028964537,1.0564605102359534,1.1673871179478412,1.067363423343665,1.0418602354650286,0.7569599648713385,0.9459848672542583,-0.0025381389745026063,1.0210386189609273,0.46320358770234243,0.44126843554633005,0.32882400708539145,0.4811887911387852,0.4496974306447165,0.9192339437348502,0.7047861984797886,0.9506924663271222,0.8949235166822161,0.7473946213722229,0.9409396989004952,-0.001546348977301802,1.0237331986427307
128,1e-05,0.485383966651836,0.4483006960551397,0.28600008254451065,0.4893823453377671,0.48803165376492386,1.0570348848700863,1.1742824931452087,1.0682962381424934,1.0418653000577545,0.7575902734493706,0.9461419815277278,-0.002798150218088186,1.0198876608186493,0.46319555810519625,0.4412722502435957,0.32887413033417295,0.4811846613883972,0.4496836406844003,0.919234607900892,0.7048465950148446,0.9506926536560059,0.8949219754764012,0.7475848879132952,0.9410128848893302,-0.001555866694876126,1.0233750598771232
129,1e-05,0.4855263520497563,0.44912434668113893,0.28906841750357126,0.49015123553093815,0.4874501469063201,1.0556157016101322,1.1686600833638219,1.0667135940574606,1.040749776995801,0.7582149669162491,0.9463308833016713,-0.0029144325183095656,1.018993143755167,0.4632157172475542,0.4413095201764788,0.3289759137800762,0.4812127351760864,0.44969318168503897,0.9192281705992562,0.7048472251210894,0.9506850668362209,0.894917334829058,0.7474970732416425,0.9409543360982623,-0.0015536792343482375,1.023533352783748
130,1e-05,0.4839961208653872,0.44650065113460413,0.2823001330434698,0.4881299628880931,0.48658546208655296,1.0565138887284622,1.1648369516839454,1.0669016014217174,1.0425154754453159,0.7582074778119429,0.9464337418437072,-0.0027719704504403737,1.016390687965082,0.46324711612292696,0.4413636326789856,0.329115092754364,0.4812552716050829,0.4497099093028477,0.9192198770386832,0.7048298631395612,0.9506761261395046,0.8949098076139178,0.7473799671445575,0.9408811586243766,-0.0015498450292008264,1.023817139012473
131,1e-05,0.4849487427670957,0.4496515368776055,0.29512761429555745,0.48879290477112913,0.48743185179953025,1.0565413170655116,1.1734993608080857,1.0674656488456116,1.0417185033040937,0.7585310469133406,0.9462111779641099,-0.002702345110527019,1.0171431437670266,0.4632708259991237,0.44141855410167147,0.3292955138853618,0.48128609146390644,0.44972135765211924,0.919215704713549,0.7048376202583313,0.950672311442239,0.8949051925114223,0.7474092500550407,0.940866504396711,-0.0015516048629901239,1.0237454686846053
132,1e-05,0.48551936370266957,0.4507062209380129,0.2976692578347832,0.4899113274647451,0.487388999086071,1.056115406755033,1.1730241820394687,1.0666521638716824,1.0416820960866338,0.7579531152793767,0.946231761593446,-0.0030921070964787002,1.0191512288737148,0.4632961409432547,0.44146420274462017,0.32942031962530954,0.4813184440135956,0.4497363269329071,0.9192082711628505,0.7048267126083374,0.9506650992802211,0.8948980910437447,0.7472775152751377,0.9407640440123421,-0.0015476279160273926,1.0239566649709428
133,1e-05,0.4853817492094437,0.4503810548537538,0.29466946022685975,0.49155508179835977,0.48556537340521067,1.0565218332489763,1.170440297397422,1.0672514538593587,1.0419949595750024,0.757234907701093,0.9457697753762083,-0.0033231184879478322,1.0202837669026559,0.46331525274685453,0.44150093623570036,0.3295259177684784,0.4813437078680311,0.44974622556141447,0.9192015102931431,0.704811590058463,0.9506590621812003,0.8948905212538583,0.7472775152751377,0.940764035497393,-0.0015468508271234377,1.024112812110356
134,1e-05,0.4847529762755512,0.4483258769094638,0.2900441085279022,0.4875908963896517,0.48840532623150656,1.056186571980774,1.1685146727836684,1.066736093875822,1.0418926480832402,0.7576912537820667,0.9463944644908938,-0.002947960483230102,1.0186142656916015,0.4633392265864781,0.4415510211672102,0.3296776477779661,0.4813764137881143,0.4497575887611934,0.9191972783633641,0.7048176612172808,0.9506551538194928,0.8948863233838763,0.747292160987854,0.940764035497393,-0.0015465441725349852,1.0240379316466195
135,1e-05,0.48705394204793084,0.45109956133930057,0.29221174112402637,0.49238220192130744,0.4882203678845407,1.0566942272904392,1.1729645865070977,1.0668206406673295,1.0426919751349546,0.7579886425037895,0.9460858568353647,-0.0029165767129517017,1.020237774693891,0.46336308121681213,0.441597512790135,0.32981819765908377,0.4814025844846453,0.4497752445084708,0.9191916925566537,0.7048025131225586,0.9506492699895587,0.8948803544044495,0.7472482323646545,0.9407493982996259,-0.001544561203835266,1.02422034740448
136,1e-05,0.48437312831894985,0.44765154521803957,0.2867415248497649,0.48851514051318234,0.4868188795027431,1.0570934498167284,1.1730721592563123,1.0670278445693744,1.0432930837273258,0.7582168219705615,0.9464823747796463,-0.00266943184320995,1.0164234216595402,0.4633847347327641,0.4416406410081046,0.32994540674345835,0.48143180353300913,0.44978550927979605,0.9191886271749224,0.7048148087092808,0.9506456170763288,0.8948772123881749,0.7472628780773708,0.9407493982996259,-0.0015455813513004354,1.0242472972188676
137,1e-05,0.48546280455602897,0.4500135359802181,0.2943653252742934,0.4897590147313294,0.4875365449779726,1.056031773890078,1.178543373712865,1.0670410252202258,1.0409390903920088,0.7571469977523556,0.9461213984764173,-0.002717862960006415,1.0202586597126004,0.4634015773023878,0.4416687403406416,0.3300130239554814,0.48145690986088346,0.4497922658920288,0.9191793543951852,0.7047737411090306,0.950637263911111,0.8948684505053929,0.7471604091780526,0.9407201409339905,-0.001541164969759328,1.024549697126661
138,1e-05,0.4838260831794804,0.44742139471780895,0.2883801046127737,0.4874762821319915,0.4866907629909613,1.057109224204669,1.1712376069696169,1.0674040627289145,1.0430100240574112,0.7574331622020354,0.9460970871256749,-0.0030796485806268647,1.018224657873936,0.46342896137918743,0.44171654752322603,0.33013765088149477,0.48149370295660837,0.44980717982564655,0.9191711119243077,0.7047405413218907,0.9506287489618573,0.8948607870510646,0.7470286999429975,0.9407054952212742,-0.0015353424574381538,1.024813643523625
139,1e-05,0.4854720772774779,0.4505767298812398,0.29704721566954817,0.4899990466310171,0.4872258474197105,1.0568054136519969,1.1726825720775624,1.0679787204936104,1.0417694520147882,0.7573639568232565,0.9460110549442576,-0.0035932638691191037,1.0197049016212643,0.4634400052683694,0.4417507265295301,0.33026901738984243,0.4815058537891933,0.4498132935592106,0.9191672716821943,0.7047408223152161,0.9506258879389081,0.8948562400681632,0.7470433371407645,0.9407054952212742,-0.001537083215745432,1.024774159703936
140,1e-05,0.48545698888697625,0.4495503381192174,0.2919447203397887,0.4897602464869848,0.48760419111556486,1.0563657864868743,1.1698806520128548,1.0670686802453337,1.0418790406454514,0.7574668265177873,0.9457005784298037,-0.002611988524258715,1.0203792900272048,0.46343948585646494,0.4417620301246643,0.3303281771285193,0.4815076121262142,0.4498086188520704,0.9191636272839138,0.7047600320407322,0.9506215453147888,0.8948522124971662,0.7470579658235822,0.9407054952212742,-0.001538868760690093,1.0246512804712569
141,1e-05,0.4847751944084135,0.4488871924481389,0.29040011602915566,0.48999154158000324,0.48603796727713083,1.0568337459191552,1.173295401976031,1.0680409600513021,1.0417445605983071,0.7571750593675046,0.9456613003629586,-0.002596361453366544,1.0207040426191165,0.4634456251348768,0.4417882561683655,0.33043583588940756,0.4815179875918797,0.4498069669519152,0.9191609025001526,0.704784231526511,0.9506186502320426,0.894848917211805,0.7471018859318325,0.9407640440123421,-0.0015441053713272726,1.0244365589959281
142,1e-05,0.48610173309454563,0.4506948616459787,0.29540889101985923,0.49022563661226054,0.488334188512986,1.0568096196386247,1.1715561174625542,1.067920188528432,1.0418742240937315,0.7577492494414483,0.94630844162589,-0.0028393760664070836,1.0207889235774517,0.4634429046085903,0.44179464663778034,0.33047848088400705,0.4815177193709782,0.4498002358845302,0.9191557339259556,0.7047870925494603,0.9506136434418815,0.8948435442788261,0.7471311347825187,0.9407494068145752,-0.0015454509162477084,1.0243858865329198
143,1e-05,0.4844055866011877,0.4487897714953795,0.29165615599562084,0.48943841810982636,0.48579774355793165,1.055245470198236,1.1615312783567142,1.0662709183510684,1.040676923391143,0.7580933867354972,0.9460690393491398,-0.0028275703637171655,1.0180076169614036,0.46345894251550945,0.4418269395828247,0.33057144709995817,0.48154171449797495,0.4498059025832585,0.9191490071160453,0.7047733409064156,0.9506069506917681,0.8948376434189933,0.7471457975251334,0.9407201494489398,-0.0015439472294279508,1.024547381060464
144,1e-05,0.4829844294686489,0.44787238018892184,0.2925959100433574,0.4882933215896402,0.48402175817296494,1.0554941517247245,1.165282297800829,1.065612905377738,1.0417157452377128,0.758878931581668,0.9464636634093859,-0.002465933186885119,1.0151124628217167,0.4634940411363329,0.44187523637499126,0.3306666931935719,0.4815858134201595,0.4498299104826791,0.9191365752901349,0.7047106112752642,0.9505932927131653,0.8948276128087725,0.7468969396182469,0.9406615751130241,-0.001537466305308044,1.0251122798238481
145,1e-05,0.4854730004694417,0.44885108682406133,0.28707374526103835,0.49084270961000387,0.48671659556920366,1.0557115431588102,1.1647473109904114,1.0665039068892284,1.041284766390333,0.7574630774434336,0.9459568139354774,-0.0029327115283070875,1.0208958768191776,0.4635437088353293,0.4419496740613665,0.3308367303439549,0.4816449965749468,0.4498660479273115,0.9191279411315918,0.7046763300895691,0.9505835345813206,0.8948209285736084,0.7468384163720267,0.9406469634601048,-0.0015320091541590436,1.0254403863634383
146,1e-05,0.4849348265446055,0.4481665825782608,0.2863354275754296,0.48976307661956336,0.4867265070089938,1.056205235136895,1.1725652878174289,1.0673821329458468,1.041149784004899,0.7566756775089488,0.9459175384527468,-0.0028094122245340913,1.0212050849073488,0.46355220675468445,0.44196527770587374,0.3308783152273723,0.4816573943410601,0.44986969232559204,0.9191217848232814,0.7046679428645543,0.9505763905388969,0.8948155300957816,0.7468237706593105,0.9406323177473885,-0.001529540617151984,1.025571542126792
147,1e-05,0.4850584580363781,0.4492085718863771,0.29201771209257643,0.48919752476491457,0.48735419359468285,1.0568968200438782,1.1651374868712832,1.0675461520076954,1.04263961247152,0.7571095897344882,0.9459100637310788,-0.002999787661950893,1.0203574825135626,0.46357856478009907,0.4420094404901777,0.33098979932921274,0.48169192246028353,0.4498850107192993,0.9191155178206307,0.704654506274632,0.9505697318485805,0.894810174192701,0.7467798675809588,0.9405737519264221,-0.0015261824176247632,1.0258014627865382
148,1e-05,0.48518806162114425,0.4492864556402325,0.2924906419164034,0.48874265679752765,0.4880566319532552,1.056220145682505,1.1676207863801693,1.0667225526389705,1.0420044801334483,0.7583196890129746,0.9464131745690968,-0.002859126033366976,1.019133659410123,0.4635684149605887,0.4420041654791151,0.3310092112847737,0.4816785454750061,0.44987684062549044,0.9191103151866368,0.7046534929956708,0.9505647846630642,0.8948046224457877,0.7468676907675607,0.9405591402735028,-0.001527536677063576,1.0257779700415475
149,1e-05,0.48199220060350145,0.44533204082006467,0.28353137845525184,0.4872290934757444,0.4833707049174507,1.0550777338874455,1.1645660008013214,1.066099480398029,1.0404066214613146,0.7576576035089378,0.9463757640351177,-0.002378364231732833,1.0170935301935748,0.46354774492127554,0.44198034916605267,0.33097071732793537,0.4816589653491974,0.4498556469167982,0.919107266834804,0.704682103225163,0.9505605697631836,0.8948008928980146,0.7468969396182469,0.940676212310791,-0.0015377923347322004,1.0255044869014196
150,1e-05,0.4836802706504915,0.4472781469736246,0.2878413541923573,0.48771655416733456,0.4861719707251275,1.0558804459253583,1.1714386595907174,1.067493000917277,1.0404158506948338,0.7574836629428526,0.9460091894174806,-0.0027669395665578115,1.0186746373424105,0.4635330098015921,0.4419675213950021,0.3309627154043743,0.48164717640195576,0.4498379017625536,0.919102030141013,0.7046995673860822,0.950554643358503,0.8947962096759251,0.7468823024204799,0.9406469634601048,-0.0015412459449310387,1.0254983646529061
