epoch,train_total_loss,val_total_loss,train_reconstruction_loss,val_reconstruction_loss,train_selection_score,val_selection_score,train_common_reconstruction_loss,val_common_reconstruction_loss,train_common_total_loss,val_common_total_loss,train_kl_loss,val_kl_loss,train_market_loss,val_market_loss,train_sector_loss,val_sector_loss,train_idio_loss,val_idio_loss
1,0.9990606199433513,0.8991758227348328,0.9990524766482322,0.8991628885269165,1.0001590773646611,0.9222343564033508,0.998764517661291,0.8614355325698853,0.9987726609564102,0.8614484667778015,0.008142786989045055,0.012917234562337399,1.003092401970401,1.050121545791626,0.9960925986866563,0.8708204627037048,1.0012922500664334,0.8457610607147217
2,0.9908439609435271,0.8933671116828918,0.9908101497075907,0.8933035135269165,0.9927570747488146,0.9194701313972473,0.9903176366745008,0.8532496690750122,0.9903514479104372,0.8533132672309875,0.03381553190203355,0.0635911226272583,0.9978882355510064,1.058761477470398,0.9855880214602758,0.8582828640937805,0.9947949422002328,0.8413660526275635
3,0.9791780302424818,0.8841782808303833,0.9790157942228185,0.8840045928955078,0.9813954245858353,0.9071431756019592,0.9803920291895941,0.8493390083312988,0.9805542683386236,0.8495126962661743,0.1622336304045975,0.17367695271968842,0.9835060813859215,1.0287314653396606,0.9705525005910121,0.8522441387176514,0.9901277168155009,0.8404539823532104
4,0.96921370223079,0.8646523356437683,0.9689349009425451,0.8643231391906738,0.968370440555851,0.8771822452545166,0.9752449330196115,0.8454026579856873,0.9755237343078563,0.8457318544387817,0.278806362829803,0.3291747570037842,0.953910328893998,0.9440290331840515,0.963962658396307,0.8463099598884583,0.9872383537402009,0.84120774269104
5,0.9635002985657777,0.8602006435394287,0.9630283196506391,0.859654426574707,0.9615007928397638,0.8714320063591003,0.9713868499291148,0.8425632119178772,0.9718588288442535,0.8431094288825989,0.4719712420307876,0.546220600605011,0.9407059953680187,0.9321561455726624,0.958740898876331,0.8429059982299805,0.9850554933696618,0.8392339944839478
6,0.9605462978959963,0.8561957478523254,0.9598550830736231,0.8554137945175171,0.9580080634360435,0.8656415939331055,0.9691046291046987,0.8407180905342102,0.9697958439270721,0.8415000438690186,0.6912184097514571,0.7819427251815796,0.9346669834104104,0.9180670976638794,0.9555725374116185,0.8407154083251953,0.9837846350630743,0.8381423354148865
7,0.9578923537557099,0.8538158535957336,0.9570709393100723,0.8529542684555054,0.9547603636417749,0.8617991805076599,0.9673784914517423,0.8401761054992676,0.9681999088800569,0.8410376906394958,0.8214180878286386,0.8615792393684387,0.9282187477450962,0.9072820544242859,0.9530423949545187,0.8403160572052002,0.9830199261001137,0.8377993702888489
8,0.9564284367870365,0.8529435396194458,0.9555493164883958,0.8520625233650208,0.9532652607308342,0.8618898391723633,0.9660776524977962,0.8386836647987366,0.966956775925803,0.8395646810531616,0.8791265947785507,0.8810168504714966,0.9263150287124345,0.9107030034065247,0.9512103465465955,0.8371595740318298,0.9822703850279096,0.8378069996833801
9,0.9550356454688863,0.8492031693458557,0.954126632194034,0.8482843637466431,0.9521466287263991,0.8575853705406189,0.9645685657699935,0.836327314376831,0.9654775790448459,0.8372461199760437,0.9090143352184655,0.9187789559364319,0.9260177224067707,0.9023003578186035,0.9489820937918678,0.8334378004074097,0.9814400570230273,0.837017834186554
10,0.9529631173053269,0.850904643535614,0.9519905970661829,0.8499075174331665,0.9500627979281694,0.8607738018035889,0.9627314068627612,0.8361135721206665,0.963703923972539,0.837110698223114,0.9725154064736277,0.997148871421814,0.9234150027133482,0.9126450419425964,0.9463777605679506,0.832378089427948,0.9803956467367959,0.8372982144355774
11,0.9517897376767722,0.8496737480163574,0.9507589585669614,0.8486502170562744,0.9490639709663548,0.8593025207519531,0.961369894096556,0.8355130553245544,0.9624006700770008,0.8365365862846375,1.0307696619612747,1.0235297679901123,0.9231790487056291,0.909342348575592,0.9445964109711807,0.8310607671737671,0.9794164314633809,0.8375043869018555
12,0.9494268516715771,0.8479843139648438,0.9483683542505066,0.8468956351280212,0.9463697836181979,0.8566796183586121,0.9596626312640771,0.8353301882743835,0.9607211286851478,0.836418867111206,1.0584875865976178,1.0886619091033936,0.9184089724014195,0.9015870690345764,0.9423821663836948,0.8302132487297058,0.9783182001387711,0.838238537311554
13,0.9473014395191984,0.8457688093185425,0.9461635319887369,0.8445923328399658,0.9436843139016305,0.8531709313392639,0.9582551503592187,0.834631621837616,0.9593930578896802,0.8358080983161926,1.1379142568383283,1.1764965057373047,0.9130352929148936,0.8921675682067871,0.9407558063682324,0.8297762274742126,0.9772618267749351,0.8375690579414368
14,0.9452531860928931,0.8406936526298523,0.9440626801282681,0.8394837379455566,0.9406352520869148,0.8450297713279724,0.957542415081819,0.8340291380882263,0.9587329241758101,0.835239052772522,1.190498134853216,1.2099169492721558,0.9050719235352164,0.8681688904762268,0.9399907000735708,0.8288692235946655,0.9768431293759021,0.8380511403083801
15,0.9412630824303412,0.8318231105804443,0.9400317209289151,0.8305559754371643,0.9349029326262877,0.831378161907196,0.9561533948453945,0.8322526812553406,0.9573847562001316,0.8335198163986206,1.2313668690713533,1.26711106300354,0.8902036838594082,0.8295388221740723,0.9381972588507047,0.8263474106788635,0.9763078238750893,0.8382483124732971
16,0.9379938748451997,0.8284695148468018,0.9367060704344702,0.8271284103393555,0.9305114219480113,0.8264286518096924,0.9546534326645661,0.8309860825538635,0.9559412402046616,0.8323271870613098,1.2878058593325972,1.3410793542861938,0.8797299473670979,0.8168423175811768,0.9360938112299593,0.82513427734375,0.9757104977121893,0.8373093605041504
17,0.9347507857317999,0.8243973255157471,0.9334114897045764,0.8230198621749878,0.9261401446262669,0.821040689945221,0.9530147594736676,0.8291835188865662,0.9543540586302571,0.8305609822273254,1.3392955866673621,1.3774340152740479,0.8696107715979475,0.8039127588272095,0.93423209868072,0.822372317314148,0.9745775668028439,0.836837112903595
18,0.9322924666760689,0.8212631940841675,0.9309103099707211,0.8198056817054749,0.9235612401911428,0.8171908259391785,0.9511112413805366,0.8270800113677979,0.9524933980858844,0.8285375237464905,1.382160392425606,1.4574873447418213,0.8656112059302952,0.7963892817497253,0.9313315057285112,0.8198643326759338,0.9737409899917364,0.8353187441825867
19,0.9295868523009396,0.8181551694869995,0.9281448216786435,0.8166465759277344,0.920554588963694,0.8129849433898926,0.9490830460173659,0.8261212706565857,0.950525076639662,0.8276298642158508,1.4420310536596597,1.5086010694503784,0.8605464728177816,0.785353422164917,0.9285016103393235,0.8174769878387451,0.9726156931220752,0.8361244797706604
20,0.928346905481434,0.8168671727180481,0.9268424680137165,0.8152719736099243,0.9202644791732175,0.81163090467453,0.9469813380307893,0.8251833915710449,0.9484857723691407,0.8267785906791687,1.5044352686532312,1.595212697982788,0.8640669081130901,0.7831239104270935,0.9250555509812916,0.8155827522277832,0.971670984830692,0.8361859917640686
21,0.9249244441352388,0.8158324956893921,0.9233510219434717,0.8141728639602661,0.9166128279930065,0.811549186706543,0.9442987561323684,0.8231573700904846,0.9458721783241353,0.8248170018196106,1.5734259162015656,1.659639596939087,0.8583768289582078,0.7871320843696594,0.9211857700269667,0.8124588131904602,0.970275834850643,0.8350567817687988
22,0.92178232352982,0.8138264417648315,0.920177182376727,0.8121272325515747,0.913226604901737,0.8099386096000671,0.9418931300274361,0.8209338784217834,0.9434982711805292,0.8226330876350403,1.605145207480195,1.6992051601409912,0.8529280222909582,0.7868103981018066,0.9178301845543496,0.8093177676200867,0.9689216016745157,0.8336875438690186
23,0.9188408151427873,0.8110362887382507,0.9172047923293829,0.8093150854110718,0.909778748505227,0.8057443499565125,0.9399730263429161,0.8206462264060974,0.9416090491563204,0.8223674297332764,1.6360239955223028,1.7212103605270386,0.8462666268227431,0.7743992805480957,0.9151528785226773,0.807925283908844,0.967916737823236,0.8349086046218872
24,0.9176679392443806,0.8108742833137512,0.9159531226600165,0.8091440796852112,0.908646564438658,0.8028431534767151,0.9387627075303275,0.8244220018386841,0.9404775211320147,0.8261522054672241,1.7148137508209267,1.7301932573318481,0.8452988004371511,0.7574532628059387,0.9135053584182526,0.8116526007652283,0.9671355590554317,0.839423656463623
25,0.9142192622694058,0.8079147934913635,0.9124970160320804,0.8060916662216187,0.9040981103789132,0.8007743954658508,0.937169560455122,0.8203860521316528,0.9388918066924473,0.8222091794013977,1.7222490576665064,1.8231016397476196,0.8345339933900778,0.7595223188400269,0.9113105828885273,0.8067348003387451,0.966449724640193,0.8360660672187805
26,0.9152426577377163,0.8047964572906494,0.9134390677850299,0.8029676079750061,0.9056777689083372,0.7968177199363708,0.937138572298571,0.8188731074333191,0.9389421559925252,0.8207019567489624,1.803580446552311,1.8288660049438477,0.8395015880453284,0.7504254579544067,0.9113961660148082,0.804371178150177,0.9661355434234656,0.835656464099884
27,0.9079402942360181,0.8006985187530518,0.9061345782702432,0.7988370656967163,0.895421952718198,0.7918977737426758,0.934342586769248,0.8162224292755127,0.9361483027350228,0.8180838823318481,1.8057184216426572,1.8614451885223389,0.8135544129137723,0.7407322525978088,0.9080512321220254,0.8010115027427673,0.9646601910665448,0.8339495658874512
28,0.9038264167611965,0.7976453304290771,0.9019670650741916,0.795742392539978,0.890054359653135,0.7883422374725342,0.9321520645370045,0.8142926692962646,0.9340114162240095,0.8161956071853638,1.8593461688568202,1.9029418230056763,0.8015040268997758,0.7337570190429688,0.9053427008354243,0.7980502247810364,0.9633163641083915,0.833219587802887
29,0.9020334175612909,0.7967389225959778,0.900154795237894,0.7948416471481323,0.8878469234905446,0.7870146632194519,0.9310538209394121,0.8142449259757996,0.932932443262809,0.816142201423645,1.878618339616026,1.8972886800765991,0.7969634200922283,0.7297372817993164,0.9039445399162318,0.7975108027458191,0.9626327948163433,0.8337957262992859
30,0.899392210625546,0.7940406799316406,0.8974659610127111,0.7920738458633423,0.8845820783395274,0.7846217155456543,0.9295315149868972,0.8117544054985046,0.9314577677290982,0.813721239566803,1.9262529595940694,1.9668537378311157,0.7900333310171069,0.7275494933128357,0.9017269780051034,0.7933459877967834,0.9619859709321132,0.8329697251319885
31,0.8983169379930598,0.7907736301422119,0.8963548905835765,0.7887454628944397,0.8832857920264885,0.7797768712043762,0.9288682429589044,0.8106681108474731,0.9308302903683876,0.8126962780952454,1.962049859679068,2.0281500816345215,0.7874054700942974,0.7147990465164185,0.9006909752009441,0.7921305894851685,0.9617609555257746,0.8324010372161865
32,0.8964292374275277,0.7926599383354187,0.8944360069606615,0.7906824350357056,0.8810155326172012,0.7828227877616882,0.9276645170850183,0.8107593655586243,0.9296577506812504,0.8127368688583374,1.9932296106911176,1.977481484413147,0.7828918112116431,0.7240595817565918,0.8990559391157856,0.7927394509315491,0.961098841412132,0.8316693902015686
33,0.8916599497235731,0.7881120443344116,0.8896801281992386,0.786139965057373,0.874817264823272,0.77676922082901,0.9252457205050298,0.8089502453804016,0.9272255420293644,0.8109223246574402,1.9798188477485663,1.972085952758789,0.7687436122939272,0.7090781927108765,0.8960945870271954,0.7897773385047913,0.9596136139982347,0.8314521908760071
34,0.8880490660667419,0.7887004017829895,0.8860101152190035,0.7866247892379761,0.8707989885535173,0.779461145401001,0.9226144665181393,0.8067006468772888,0.9246534204952437,0.8087762594223022,2.038955868610698,2.075636148452759,0.7618078312686078,0.7221642732620239,0.892358978426388,0.7866308689117432,0.9582301531295683,0.8295882940292358
35,0.8885489817620106,0.7862599492073059,0.8865063929772944,0.7842355370521545,0.8718343723299466,0.7737444043159485,0.92234469931863,0.8085237145423889,0.9243872881033461,0.8105481266975403,2.042584772086515,2.0244078636169434,0.7655884889523644,0.7005882263183594,0.8920714746155242,0.7896215915679932,0.9578431898497284,0.8310235738754272
36,0.8859391245712893,0.7863524556159973,0.8838851533041713,0.7842719554901123,0.8686494090402586,0.7765397429466248,0.9208779695877,0.8053198456764221,0.9229319439841842,0.8074003458023071,2.0539709828347825,2.080515146255493,0.7587893095732322,0.7160024642944336,0.8898980098732971,0.7849319577217102,0.9572608809279457,0.8286848664283752
37,0.8826415487935643,0.7862829566001892,0.880560953857666,0.7841698527336121,0.8648795663968181,0.7759994864463806,0.9184437238162809,0.8056002855300903,0.9205243187521793,0.8077133893966675,2.080593042045074,2.1130919456481934,0.7522101949921781,0.713735818862915,0.8869517263180903,0.7857193350791931,0.9554768260919823,0.8285432457923889
38,0.882682918182057,0.7839699387550354,0.8805446497136399,0.7817991375923157,0.8653197377993496,0.7725687623023987,0.9179027993919616,0.8047475218772888,0.9200410678603788,0.8069183230400085,2.1382655332673273,2.1708264350891113,0.754713994421071,0.7048825621604919,0.8861412683209989,0.7848774194717407,0.9551039646647815,0.8279464244842529
39,0.8771758261423213,0.7832943201065063,0.8750445835897431,0.78110671043396,0.8582565671503788,0.7698390483856201,0.9150144824539667,0.8061052560806274,0.9171457281359109,0.8082928657531738,2.131243805693641,2.1875922679901123,0.7388692481093372,0.6935547590255737,0.8825028375390126,0.7880352139472961,0.9533976470964477,0.8279270529747009
40,0.8786035767336964,0.784887433052063,0.8764276711837106,0.7827098369598389,0.8606143821645116,0.7744058966636658,0.9149354971071264,0.8045790791511536,0.9171114057864783,0.8067566752433777,2.1759017331371355,2.177612543106079,0.7463526791045664,0.7109380960464478,0.8825499396328069,0.7841916084289551,0.9529404962424669,0.8280879855155945
41,0.8762602280944561,0.7827680110931396,0.8741139058601279,0.7805812358856201,0.8578204987868605,0.7700307965278625,0.913406617627758,0.8053231239318848,0.9155529429914523,0.8075098991394043,2.1463268569886833,2.1868011951446533,0.7408979433398446,0.6957953572273254,0.8808261910552759,0.7856650948524475,0.9517373480300028,0.8286319971084595
42,0.8736023851062941,0.7840740084648132,0.8714516978463352,0.7818819880485535,0.8547362740456422,0.7713285088539124,0.911614721578296,0.8059768080711365,0.9137654088382549,0.8081688284873962,2.150685082897972,2.192014455795288,0.7350953574352718,0.6984477043151855,0.87849295911875,0.7876555323600769,0.9506204556597365,0.8278822898864746
43,0.8796183535855162,0.7896451950073242,0.8774249051025992,0.7874602675437927,0.8623878131937648,0.7822637557983398,0.9147020421916094,0.805740475654602,0.9168954906745266,0.8079254031181335,2.1934524495842225,2.1849441528320312,0.752347458132571,0.732881486415863,0.8825531147658776,0.7835553884506226,0.9522628184710495,0.8303543329238892
44,0.8735459350581244,0.7817578911781311,0.8713659987379235,0.7795345187187195,0.8551626530116068,0.7703649997711182,0.9108965694170882,0.8026387691497803,0.913076505737289,0.8048621416091919,2.1799304516614706,2.2233848571777344,0.7379292422772628,0.7024786472320557,0.8775626312424846,0.7822693586349487,0.9499960654675716,0.8263470530509949
45,0.8668066157093783,0.7776262164115906,0.8646132171496297,0.7754297852516174,0.8468033645219545,0.7639258503913879,0.9068722197811949,0.8021398186683655,0.9090656183409437,0.8043362498283386,2.193392965224456,2.196460008621216,0.7204516195219203,0.6835448145866394,0.87267669944904,0.7812548875808716,0.9472817730668923,0.8269779086112976
46,0.8648568556091647,0.7771037817001343,0.8626431812508562,0.7748790383338928,0.8447113848299742,0.7636382579803467,0.9052306645419189,0.8013618588447571,0.9074443389002274,0.8035866022109985,2.2136775353973865,2.2247331142425537,0.7174122426918631,0.6842883229255676,0.8707207121547859,0.7801671624183655,0.9460011921132364,0.8264592289924622
47,0.8660715969983821,0.77847820520401,0.8638622967115281,0.7761934995651245,0.846017406747613,0.7646401524543762,0.9060589913171857,0.8024320006370544,0.9082682916040397,0.8047167062759399,2.209308199456131,2.2847259044647217,0.7197230202531697,0.6851469278335571,0.8720946203400798,0.782660186290741,0.9462345739776136,0.8261133432388306
48,0.8679154596923315,0.7773963809013367,0.8656763393826129,0.7750976085662842,0.8478110794946735,0.7631945013999939,0.9074175265893475,0.8019900321960449,0.9096566468990661,0.8042888045310974,2.2391307060595316,2.298759698867798,0.722431981632023,0.6815900206565857,0.8744477960689817,0.7819080948829651,0.9465534338900259,0.8260852694511414
49,0.8676933085361008,0.7768398523330688,0.865362497066454,0.774496853351593,0.848152675229668,0.7631666660308838,0.9065244590972075,0.8011935949325562,0.9088552705668542,0.803536593914032,2.330805942990723,2.3430237770080566,0.7253706443740072,0.6831790208816528,0.87281068487183,0.7798234224319458,0.9462766824343637,0.8264976143836975
50,0.8585314434800997,0.7787950038909912,0.856232286526396,0.7764630913734436,0.8365205134692204,0.7673066258430481,0.9014943846431885,0.8004934787750244,0.9037935415968922,0.802825391292572,2.299158140124602,2.331942081451416,0.6998513154410455,0.6974998712539673,0.8667446485398929,0.7781855463981628,0.942965568676652,0.8262344598770142
51,0.8576990918510756,0.7789589166641235,0.8554282945330951,0.7766247391700745,0.8359920523810133,0.766038715839386,0.9003390525089511,0.8017511367797852,0.9026098498269317,0.8040853142738342,2.270800981099142,2.3341734409332275,0.7006414496967106,0.6909196376800537,0.8654979287942381,0.7814091444015503,0.9418367659879376,0.825787365436554
52,0.8572823521639109,0.7826655507087708,0.8549792135808192,0.7803530693054199,0.8352807870255424,0.7692597508430481,0.9001477638456643,0.8052630424499512,0.9024509024287561,0.807575523853302,2.303140342773425,2.3124916553497314,0.6988365189084467,0.6935286521911621,0.8655506480512705,0.7868605256080627,0.941455259980287,0.8273902535438538
53,0.8573839841463998,0.7765450477600098,0.8550955568599936,0.7742310166358948,0.8358126563356977,0.7625327706336975,0.8994900359297698,0.8012135028839111,0.901778463216176,0.8035275340080261,2.28843355433094,2.314018726348877,0.7018706116938415,0.6811699867248535,0.8652560285019816,0.780342161655426,0.940311361962992,0.8260863423347473
54,0.8557650690884547,0.7751104235649109,0.8534541444469418,0.7727904319763184,0.8342019727818784,0.7595495581626892,0.8981403174509858,0.8015770316123962,0.9004512420924987,0.8038970232009888,2.3109279030947727,2.319983720779419,0.6997109521745756,0.6711470484733582,0.863217342379056,0.7815528512001038,0.9396776019597856,0.8259487748146057
55,0.8531441927151762,0.7763452529907227,0.8508312532019674,0.7739666700363159,0.8310956002455251,0.7627981305122375,0.8963067059246999,0.8007193803787231,0.8986196457312868,0.8030979633331299,2.3129492469064714,2.3785624504089355,0.6939274456972367,0.6830326318740845,0.861189770542079,0.7787578701972961,0.9381695823458202,0.8266039490699768
56,0.8719289319939648,0.7826920747756958,0.8695983562047018,0.7803795337677002,0.8530284710552382,0.7697380185127258,0.9089485962827055,0.805164635181427,0.9112791720719685,0.8074771761894226,2.3305857836760095,2.3125522136688232,0.7354033444140953,0.6952201128005981,0.877065282067478,0.7856865525245667,0.9466167740199877,0.8283075094223022
57,0.8624647044079337,0.7787445783615112,0.8601251549658177,0.7764253616333008,0.8414879862258824,0.7630928158760071,0.9032785807406931,0.8044551014900208,0.9056181301828092,0.8067743182182312,2.339542549882784,2.3192050457000732,0.7115146514330857,0.6760895252227783,0.8696871066895345,0.7862536311149597,0.9432621803608363,0.8269354104995728
58,0.8531903275414703,0.7747892141342163,0.8508591596663634,0.7724230885505676,0.8303355559938945,0.7598476409912109,0.8972452360161804,0.8008259534835815,0.8995764038912872,0.8031920790672302,2.3311631202306584,2.3661210536956787,0.6895945210306247,0.6736518144607544,0.8625829848625114,0.7796268463134766,0.9388291557564709,0.8262643218040466
59,0.8498185029569661,0.7686258554458618,0.8474662094648203,0.7662525177001953,0.8267158127593838,0.7514157295227051,0.894485972033259,0.7982616424560547,0.8968382655254048,0.8006349802017212,2.352296072112624,2.3733372688293457,0.6841647392711843,0.6528778076171875,0.8591922795899682,0.7763304114341736,0.9367903790286176,0.8250390291213989
60,0.8504689875149747,0.7706451416015625,0.8481055977307351,0.7682619094848633,0.8281541662787296,0.754054844379425,0.894058224067422,0.7989928126335144,0.8964216138516614,0.8013760447502136,2.363383559343559,2.383207321166992,0.6895283406342122,0.6595302224159241,0.8585983510385096,0.7778277397155762,0.9363357946460026,0.8248066306114197
61,0.8485319626145523,0.7712854743003845,0.8461631762873842,0.7688922882080078,0.8260859207504592,0.756070077419281,0.8925569645687632,0.7979422807693481,0.8949257477665652,0.8003354668617249,2.3687855903979105,2.3931682109832764,0.6862676030695682,0.6679939031600952,0.8565628325675139,0.7761433720588684,0.9354273655846825,0.8240728378295898
62,0.8513649824313007,0.7717456817626953,0.8489911478987671,0.7693720459938049,0.8296633101174634,0.7576349377632141,0.8938740769109342,0.7967705726623535,0.8962479114434678,0.7991442084312439,2.3738284042568067,2.3736166954040527,0.6945992701727411,0.6753150820732117,0.8587704679338144,0.7751604318618774,0.9356201860237747,0.822429358959198
63,0.8440853395454213,0.7705097198486328,0.8417125012759208,0.7680811882019043,0.8213248690490942,0.7551082968711853,0.8890359499006608,0.7977287173271179,0.8914087850407951,0.8001572489738464,2.372837460754933,2.428560733795166,0.6788981097755714,0.6654583811759949,0.8520495869567689,0.7751480937004089,0.933026902884905,0.8247183561325073
64,0.8402840530314927,0.7711819410324097,0.8378803887946181,0.7687197923660278,0.8163836093786019,0.7557747960090637,0.8869557245722357,0.7977783679962158,0.8893593888091103,0.8002405166625977,2.40366179538223,2.462177038192749,0.667938813212663,0.6674224138259888,0.8496449775046457,0.7763236165046692,0.9315670579060655,0.8235783576965332
65,0.8519794667617917,0.7767845988273621,0.8495559324193334,0.7743351459503174,0.8317583235587322,0.762930154800415,0.8924040039901953,0.8006381392478943,0.8948275383326536,0.803087592124939,2.4235403895671492,2.4494569301605225,0.7041932884007814,0.6836131811141968,0.8569637592255434,0.7802966833114624,0.9341179211184664,0.8248805403709412
66,0.8456009656704284,0.7760432958602905,0.8431726722466936,0.7736065983772278,0.8231040896500985,0.7617372870445251,0.8896456267424936,0.8006137013435364,0.8920739170368623,0.8030503988265991,2.4282938156878977,2.4366681575775146,0.6831374978119472,0.6799625158309937,0.8534635452093698,0.7801967263221741,0.9327112421625652,0.8250524401664734
67,0.8459263791110889,0.7719043493270874,0.8434928942156973,0.7694032788276672,0.8249699996571936,0.7563063502311707,0.8881242571549889,0.7983869910240173,0.8905577420503805,0.8008880615234375,2.43348756904383,2.5010414123535156,0.6921282778077678,0.6677921414375305,0.8511635503189988,0.7775337100028992,0.9316181582540054,0.823593258857727
68,0.8430170191419819,0.7722030878067017,0.8405839819415267,0.7697521448135376,0.8199354208229603,0.7574804425239563,0.8881565448786021,0.7977054119110107,0.8905895819323683,0.8001563549041748,2.4330359676805453,2.4509294033050537,0.6764358326829389,0.6728693842887878,0.851428338501471,0.7765335440635681,0.931942106857957,0.8230384588241577
69,0.8446350694680624,0.7762824296951294,0.8421573307398795,0.7737377285957336,0.8219257971612619,0.7641026973724365,0.8891099537856467,0.7981476187705994,0.8915876925138296,0.8006923198699951,2.477741110999629,2.5446836948394775,0.680607392564966,0.6924909949302673,0.8524241903651631,0.7764719128608704,0.9327458165237609,0.8233451843261719
70,0.8498803521884671,0.7760705947875977,0.8473447907939126,0.7734813690185547,0.8299147006524596,0.7609198093414307,0.8900999902603175,0.8009862303733826,0.892635551654872,0.8035754561424255,2.535563647502558,2.5892086029052734,0.7033180790518619,0.6766421794891357,0.8537667070479545,0.7815890312194824,0.9326593441685465,0.8245282173156738
71,0.8376387079002624,0.7680317163467407,0.8351042344982845,0.7654844522476196,0.8141603380368321,0.7531264424324036,0.8835864665079938,0.7944959402084351,0.8861209399099718,0.7970432043075562,2.5344795623306764,2.5472347736358643,0.6681260808850039,0.6661080121994019,0.8458625739768845,0.771406888961792,0.9284923997836781,0.8218645453453064
72,0.8308952369095362,0.7668240666389465,0.8283857043597227,0.7642748951911926,0.8062555302939912,0.7497463226318359,0.8792222323136021,0.7957593202590942,0.8817317648634155,0.7983084917068481,2.5095272379101448,2.549192428588867,0.6527738846453416,0.6529603004455566,0.840165415340217,0.7739960551261902,0.9258273143666607,0.8222825527191162
73,0.8264745832760868,0.7689079642295837,0.8239662686364391,0.7663508057594299,0.8011563784573487,0.7539496421813965,0.8761690135761008,0.7951983213424683,0.8786773282157485,0.7977554798126221,2.508302593152967,2.557141065597534,0.6433712604399877,0.6671851277351379,0.8363131214303008,0.7725731134414673,0.9237847921787665,0.8220906853675842
74,0.8323249764575442,0.7681928277015686,0.8298056813612446,0.7656662464141846,0.8076395876002762,0.7517573833465576,0.8804672902680695,0.7966495752334595,0.8829865853643691,0.7991761565208435,2.51929935908298,2.5265748500823975,0.6544502457455595,0.6573289632797241,0.8418752421992445,0.7740871906280518,0.9265932858821503,0.8238560557365417
75,0.8308874208776553,0.7696567177772522,0.8283761433639714,0.7671042680740356,0.8067683533530826,0.7525947690010071,0.8785230606378739,0.7986546158790588,0.8810343381515578,0.8012070655822754,2.5112760821945654,2.552420139312744,0.6558359920293997,0.6557105183601379,0.8393410965983646,0.7767001390457153,0.9251279574226805,0.8253737688064575
76,0.8279399634678898,0.7629018425941467,0.8254283318957704,0.7603466510772705,0.802370960884548,0.7450411915779114,0.877611137150349,0.7937478423118591,0.8801227687224684,0.7963030338287354,2.511638823251826,2.5552124977111816,0.6441071437361594,0.6425892114639282,0.8385257541008715,0.7703424096107483,0.9244800098515418,0.8221918940544128
77,0.8198973095935324,0.7683996558189392,0.8173792721601272,0.7658770084381104,0.7924914011904409,0.7534568905830383,0.8727716520440881,0.7951971888542175,0.8752896863481273,0.7977198362350464,2.5180359606472953,2.5226376056671143,0.6236260779281441,0.6656585335731506,0.8324980255616699,0.7716580033302307,0.9213500999348196,0.823054313659668
78,0.8199714554490566,0.7609975337982178,0.8174353611576841,0.7584422826766968,0.7927760526085604,0.7429371476173401,0.8726654886906023,0.7927300333976746,0.8752015829086304,0.7952852845191956,2.5360988475339545,2.5552709102630615,0.6247327065643862,0.638200581073761,0.832050879046602,0.7680941820144653,0.9215445269122292,0.8225167393684387
79,0.8204308767314814,0.7685679197311401,0.8178815534605757,0.7659871578216553,0.793806657867416,0.7526991367340088,0.8721078889501007,0.7957524657249451,0.8746572122210063,0.7983332276344299,2.549323156097074,2.5807578563690186,0.6291041041711396,0.6621385216712952,0.831829720828453,0.7738588452339172,0.9204861878664206,0.8220999836921692
80,0.823687634329213,0.7639869451522827,0.8211291898362846,0.7614137530326843,0.7983028592879504,0.748361349105835,0.8735283613204956,0.7930831909179688,0.876086805813424,0.7956563830375671,2.558441255012431,2.5731847286224365,0.6400698882033338,0.6542911529541016,0.8333180571208731,0.7665883898735046,0.9215206073580265,0.8242045044898987
81,0.8233265788267635,0.7698347568511963,0.8207806767842337,0.7672368288040161,0.7977280161535281,0.7543137073516846,0.8733779988492288,0.7968226671218872,0.8759238977623924,0.7994205951690674,2.545904924284737,2.597935199737549,0.6386022169732773,0.6648982167243958,0.833428359892253,0.774221658706665,0.9211534686123768,0.8238212466239929
82,0.8301376140538154,0.7624707818031311,0.8275622503497349,0.7598715424537659,0.8085842212269402,0.743865966796875,0.8747051369469121,0.7943541407585144,0.8772805006509926,0.7969533801078796,2.5753620468856275,2.5992414951324463,0.6695023022096992,0.6376665234565735,0.8339333190010453,0.7707943320274353,0.9223170315172948,0.8231369853019714
83,0.8219089481652614,0.7628836035728455,0.8193575893884022,0.7603221535682678,0.7966750708635564,0.746070384979248,0.8718765069462414,0.7928271293640137,0.8744278657231006,0.7953885793685913,2.5513588001338845,2.561479091644287,0.6384927033889088,0.6477200388908386,0.8309964919012037,0.7681537866592407,0.9205359922656278,0.8223373889923096
84,0.8194797041965763,0.7656446695327759,0.816921829883929,0.7630397081375122,0.7932253273615004,0.7496948838233948,0.8706368159035174,0.7943565249443054,0.8731946902161646,0.7969614863395691,2.55787308456665,2.6049556732177734,0.6303942847975558,0.6557517051696777,0.8302922270354723,0.7694471478462219,0.9189894826222483,0.823885977268219
85,0.8146180285597747,0.7618589997291565,0.8120357363413747,0.759262204170227,0.7872572724109208,0.7418060898780823,0.8678451367242107,0.7955079078674316,0.8704274289426107,0.7981047034263611,2.582286441785767,2.5968072414398193,0.6177448128167482,0.6288472414016724,0.8263932976006875,0.7726072072982788,0.917633678504343,0.8239638805389404
86,0.8122624051776257,0.7605553865432739,0.8096800500296295,0.7579526305198669,0.7828659869981066,0.7424042820930481,0.8680332927942471,0.7921114563941956,0.8706156479422434,0.7947142124176025,2.5823518253917865,2.60278058052063,0.6037210110174622,0.6378481388092041,0.8273637292324469,0.767867386341095,0.9175132395206073,0.8214975595474243
87,0.8133639269328881,0.7664512395858765,0.8107912704727511,0.7638298273086548,0.7855197548670687,0.7467539310455322,0.867236871617656,0.7986321449279785,0.8698095280777929,0.8012535572052002,2.5726611876311707,2.6213831901550293,0.6136320605935182,0.6376310586929321,0.825933366549416,0.7775719165802002,0.916993840881016,0.8250588774681091
88,0.8201684630533239,0.7645467519760132,0.8175594854100597,0.7619341015815735,0.7953065112049801,0.7467953562736511,0.8696295263534496,0.7950010895729065,0.8722385008673477,0.7976137399673462,2.6089787737476327,2.612637758255005,0.6389719028273403,0.6453970074653625,0.8284039319392792,0.7717897891998291,0.9185437116591632,0.8231992721557617
89,0.8145425981728145,0.7676363587379456,0.8119699898755776,0.7650654315948486,0.7869661783370158,0.7502715587615967,0.8678982322386193,0.7973888516426086,0.8704708405358562,0.7999597787857056,2.572611860215811,2.5708999633789062,0.6167297431736133,0.6511626243591309,0.8268669446146419,0.7746862769126892,0.9173018379813829,0.8249657154083252
90,0.8134800218675252,0.766422688961029,0.8109140451371034,0.7638291716575623,0.7849346858443932,0.7515454292297363,0.8679624078604312,0.7934554815292358,0.8705283814614869,0.7960489988327026,2.5659697159476904,2.593496561050415,0.6102902121090126,0.6633897423744202,0.8275091484788014,0.7688863277435303,0.9170047205623004,0.8223601579666138
91,0.8119834540220828,0.7697146534919739,0.8094228438611301,0.7671239376068115,0.7851124693860374,0.7528374791145325,0.8647840344778723,0.7984546422958374,0.8673446446388251,0.8010453581809998,2.560607309122375,2.590724229812622,0.6175274144830618,0.656883955001831,0.8228717390096413,0.7762929797172546,0.9149382674762516,0.8253355026245117
92,0.8169371421166969,0.7644792199134827,0.8143857895007771,0.7619014382362366,0.7900850949373472,0.747051477432251,0.869206110212625,0.794743537902832,0.8717574628285446,0.7973213195800781,2.551348036092456,2.57778000831604,0.6236580921256024,0.6467336416244507,0.828374967993626,0.7711422443389893,0.9182222118819708,0.8232786059379578
93,0.8073955987250834,0.7650960683822632,0.8048467668135505,0.7625192403793335,0.778216274646191,0.7458682060241699,0.8633837141493875,0.7967903017997742,0.8659325460609204,0.7993671298027039,2.548834352829693,2.5768468379974365,0.5990710599780376,0.6387564539909363,0.8217960307351676,0.7755677103996277,0.9137817865712805,0.8232804536819458
94,0.8075252443283087,0.7620038986206055,0.8049726524834168,0.7594225406646729,0.7787267373075634,0.7426958680152893,0.8627114315029047,0.7948994040489197,0.8652640233477967,0.7974807620048523,2.552594559812663,2.5813405513763428,0.6020693107155917,0.6328884959220886,0.8216274425668536,0.7714253067970276,0.9124835132574625,0.8237738609313965
95,0.8036958442250659,0.7670868039131165,0.8011255197294234,0.7644997835159302,0.7741918047008405,0.7499985694885254,0.8604350625441836,0.7963035106658936,0.8630053870398261,0.7988905310630798,2.5703228306242245,2.586998701095581,0.5927836478269912,0.6525985598564148,0.8181561497609277,0.7738043665885925,0.9116356602157111,0.8235929012298584
96,0.7953748832578245,0.7636285424232483,0.7927753377195457,0.7610054016113281,0.7627432272021549,0.7454738616943359,0.8567589977122018,0.7948418259620667,0.8593585432504806,0.7974649667739868,2.5995476871753347,2.6231439113616943,0.564985865447441,0.6416311264038086,0.8140250584255778,0.7712099552154541,0.9092187312805232,0.8235806226730347
97,0.7926816102224261,0.7625626921653748,0.790072752570793,0.7599436640739441,0.7598147979029092,0.7433850169181824,0.8547173928686397,0.7952911257743835,0.8573262505202728,0.7979101538658142,2.608860088431317,2.6190521717071533,0.5601921272727678,0.6342030763626099,0.8112931606024382,0.7715873718261719,0.9079591186443638,0.8243645429611206
98,0.7937842740496228,0.762161135673523,0.7911813280639147,0.7595372796058655,0.7615987873155626,0.7449002861976624,0.854849127299283,0.7925755977630615,0.857452073284991,0.795199453830719,2.602949510352156,2.6238327026367188,0.5654515235809345,0.6446177959442139,0.8114377885103421,0.7679436802864075,0.9079070672136139,0.8221395015716553
99,0.7963507046848168,0.7667520642280579,0.7937259200755644,0.7641139030456543,0.7652109275595687,0.7515408396720886,0.8558180900848332,0.7938060760498047,0.8584428746940856,0.7964442372322083,2.6247836147007932,2.6381449699401855,0.574623427301083,0.6626381278038025,0.812492130964481,0.7699546813964844,0.9085171762013455,0.822029709815979
100,0.794293497506471,0.7607265710830688,0.7916539607231885,0.758029580116272,0.7632198900448876,0.7399606704711914,0.853675146294579,0.7954128384590149,0.8563146830778615,0.7981098294258118,2.6395360244112585,2.6969642639160156,0.572951954686319,0.6233198642730713,0.8102561967406143,0.7719846367835999,0.9064515296605105,0.8245775103569031
101,0.7937078371802934,0.7629313468933105,0.7910416165368297,0.7602576017379761,0.7621758812954428,0.7439947724342346,0.8537029881180066,0.7951773405075073,0.8563692087614703,0.7978510856628418,2.666221068079497,2.673753023147583,0.5696534043555381,0.6363348960876465,0.8102431800445637,0.7714786529541016,0.9066311145435111,0.8241707682609558
102,0.7912313013510982,0.7677081227302551,0.7885909075126774,0.765059232711792,0.7578090166732656,0.7509157657623291,0.8540537398403252,0.7968710660934448,0.8566941336787461,0.799519956111908,2.640395168010283,2.648897409439087,0.5553632419406634,0.6542510986328125,0.8104954263633934,0.77330082654953,0.9075684300008809,0.8251953125
103,0.7905093785971281,0.7597932815551758,0.7878734210752091,0.7571572661399841,0.7572330614403685,0.7396265864372253,0.8529786388340106,0.7936598062515259,0.8556145963559295,0.7962958216667175,2.63595439783367,2.63598895072937,0.5558372010844373,0.625970184803009,0.8097368312038488,0.7704517841339111,0.906125175503065,0.8224576711654663
104,0.7898691241324584,0.7661351561546326,0.7872427550371404,0.7634515166282654,0.7565614551770287,0.7482213973999023,0.852546487018845,0.796855092048645,0.8551728561141629,0.7995387315750122,2.626368881152046,2.6836273670196533,0.5546618184659987,0.6459227204322815,0.8090181305723371,0.7732226848602295,0.9060043866170832,0.8255187273025513
105,0.8166174440720319,0.7667246460914612,0.8139658859267012,0.7640372514724731,0.7943519993430772,0.7511684894561768,0.8627812294220709,0.7933527827262878,0.8654327875674015,0.7960401773452759,2.651560528342894,2.687401294708252,0.6504146262599955,0.6624358892440796,0.8204526783893888,0.7711461782455444,0.9121886845785052,0.8199233412742615
106,0.8553261790635451,0.7824730277061462,0.8525780305889809,0.7797938585281372,0.8410037199525778,0.7692479491233826,0.8867825674560835,0.8029559254646301,0.8895307159306477,0.8056350946426392,2.7481470569613724,2.6791577339172363,0.7447102286832268,0.6983450055122375,0.8507285101967234,0.7865260243415833,0.92757240209157,0.8228727579116821
107,0.8311014436521522,0.7721782326698303,0.8284196525543219,0.7695109248161316,0.8084904636585684,0.758630096912384,0.8753695337375331,0.796052098274231,0.8780513246886744,0.7987194061279297,2.6817921862629617,2.667320489883423,0.6678137842067643,0.6799148917198181,0.8377980427041809,0.7736766934394836,0.9198595341157483,0.8222987651824951
108,0.8112515607165742,0.7619526386260986,0.8085829511932705,0.7593077421188354,0.7837814533681142,0.7426770329475403,0.8640140130248003,0.7943757772445679,0.8666826225481041,0.797020673751831,2.668604492065455,2.644899845123291,0.615016398638169,0.6339314579963684,0.8234064330127613,0.771457850933075,0.912921502073834,0.822641909122467
109,0.7990417998281045,0.7604337334632874,0.7963776331245166,0.7577592134475708,0.7681455000489339,0.7408697605133057,0.8573849271124167,0.7933626174926758,0.8600490938160046,0.7960371375083923,2.6641683795590985,2.6745104789733887,0.5804348904593642,0.6304537653923035,0.8154509222536814,0.7701088786125183,0.9085506109843203,0.82204669713974
110,0.790834082111753,0.76099693775177,0.7881599254447774,0.758347749710083,0.7584036249817151,0.7423677444458008,0.8520015007262352,0.7925556898117065,0.8546756573932106,0.7952048778533936,2.6741582488700737,2.6491634845733643,0.561525287077601,0.6368000507354736,0.8087458888265908,0.769483745098114,0.9049396783333513,0.8208194971084595
111,0.7831855869567033,0.760878324508667,0.7805447505574622,0.7582321166992188,0.7481736010757991,0.7435527443885803,0.8484755633696852,0.7914506196975708,0.8511163997689264,0.794096827507019,2.6408336299476907,2.646188974380493,0.5371935654605775,0.6428021192550659,0.8045393086242519,0.7665740847587585,0.9027879011249621,0.8212820887565613
112,0.7812501575440242,0.7644268274307251,0.7786073545826763,0.7617619037628174,0.7465874141508483,0.7471330761909485,0.8463349195657156,0.7943952679634094,0.8489777225270635,0.7970601916313171,2.6428000772458984,2.6649200916290283,0.5367737329817874,0.6477195024490356,0.8017801609657357,0.7705708146095276,0.9012083597511811,0.8231087923049927
113,0.7784845959563251,0.7672226428985596,0.7758240729594837,0.7645653486251831,0.7426415479897084,0.7508466243743896,0.8451347952988227,0.7955796718597412,0.8477953182956642,0.7982369661331177,2.660520321233435,2.6572952270507812,0.5270523126248554,0.65675288438797,0.8007594809070584,0.7723934054374695,0.900112842467107,0.8233935832977295
114,0.7835042262977024,0.7629297971725464,0.7808429764077935,0.7602552175521851,0.75045819332406,0.7446829676628113,0.8464197492482136,0.7940174341201782,0.8490809991381225,0.7966920137405396,2.6612540169560197,2.6745989322662354,0.5486080420613778,0.640910267829895,0.801456998957289,0.7706580758094788,0.9013095439409408,0.8224804997444153
115,0.799194050774015,0.7670848965644836,0.7965405716868675,0.7644099593162537,0.7718408035390978,0.7501136660575867,0.8533591853486797,0.7958076000213623,0.8560126644358271,0.7984825372695923,2.653483807600552,2.674908399581909,0.6003710690632132,0.6539986729621887,0.8096047755242176,0.7735375761985779,0.9055465109725777,0.8228047490119934
116,0.839285519985609,0.7697085738182068,0.8365952137359544,0.767018735408783,0.8208809420160821,0.7557751536369324,0.8780741116568336,0.7947991490364075,0.8807644179064882,0.7974889874458313,2.6903057669497983,2.689830780029297,0.7005779995499721,0.6736901998519897,0.8393008282577727,0.7709507942199707,0.9227639450412778,0.8226843476295471
117,0.816473317498355,0.7626233100891113,0.8138051346445592,0.7599204778671265,0.7910000544967369,0.7446812987327576,0.8664579930317217,0.7937986850738525,0.8691261758855173,0.7965015172958374,2.6681846162156067,2.7028491497039795,0.6322782001258703,0.6413652896881104,0.8256644012010713,0.7692192196846008,0.9150575997890069,0.8234593272209167
118,0.8109931898371326,0.7716498374938965,0.8083027571415294,0.7689337730407715,0.7855376832987854,0.7560970783233643,0.8616265582686277,0.7979863286018372,0.8643169909642308,0.8007023930549622,2.6904365304457154,2.716071367263794,0.6254886948397357,0.667985200881958,0.8193384731666684,0.7762247920036316,0.911785900739493,0.8240811824798584
119,0.7993815496282758,0.7680213451385498,0.7966825867207741,0.7653082013130188,0.7708625026762339,0.7532057762145996,0.8550257999648609,0.7943342924118042,0.8577247628723627,0.7970474362373352,2.6989669658983213,2.7131710052490234,0.5938293789868672,0.666693925857544,0.8114463151528074,0.7704620361328125,0.907311796604169,0.8224612474441528
120,0.7869761604280918,0.7611209154129028,0.7842698224359501,0.7583938837051392,0.7558623397320974,0.7428784370422363,0.8469261771543188,0.7924866676330566,0.8496325151464604,0.7952136993408203,2.706339624301638,2.7270379066467285,0.5643143300349053,0.6385300755500793,0.8021256800456747,0.7682812213897705,0.9011470200684933,0.8218240141868591
121,0.7813966058139629,0.7605375051498413,0.7787098734959703,0.7578346729278564,0.7474899669471973,0.7418108582496643,0.8454576582572223,0.7925926446914673,0.848144390575215,0.7952954769134521,2.686735261356958,2.702828884124756,0.541420010781073,0.6349941492080688,0.8005543879742892,0.7685214281082153,0.9004955163150659,0.8219171166419983
122,0.7834348403791407,0.7685118913650513,0.7807434721497652,0.7658103108406067,0.7507251203304632,0.7510730624198914,0.8460345449165989,0.7978073954582214,0.8487259131459743,0.800508975982666,2.691367769749855,2.701582431793213,0.5502466593637537,0.6527697443962097,0.8005776078217923,0.7756077647209167,0.9013511000645757,0.8248416185379028
123,0.7839146771325353,0.7734327912330627,0.7812105482283725,0.7706897258758545,0.7514328671049348,0.7605686783790588,0.8459707460900229,0.7971256971359253,0.8486748749941856,0.7998687624931335,2.704134630707075,2.7430946826934814,0.5525773268581121,0.683673083782196,0.8008934938095944,0.7727259397506714,0.9008277760263933,0.8253071308135986
124,0.7905443537127688,0.7689756155014038,0.7878579077317737,0.7663039565086365,0.7602610038967774,0.7536757588386536,0.8491148514958852,0.7954670190811157,0.8518012974768804,0.7981386780738831,2.6864480825601005,2.6716630458831787,0.5733615593210022,0.6657700538635254,0.8047957019888055,0.772863507270813,0.902625762897989,0.8223938941955566
125,0.7925002654132733,0.7691023945808411,0.7898189889494761,0.766393780708313,0.7643993246056585,0.7567396759986877,0.8478776972444455,0.7919847369194031,0.8505589737082427,0.7946933507919312,2.6812779735208436,2.7086427211761475,0.5888068731736706,0.6826033592224121,0.8037012432128118,0.7679421305656433,0.9006898986990086,0.8196735978126526
126,0.8186518607127852,0.777678906917572,0.815962961406567,0.7749789953231812,0.7981978077395614,0.7676334381103516,0.8619491730291791,0.7966115474700928,0.8646380754647635,0.7993114590644836,2.6889021161934505,2.699901580810547,0.6641001687664004,0.7066794633865356,0.8199746680611758,0.7738842964172363,0.9105186080032924,0.8223365545272827
127,0.7964511119116516,0.7642171382904053,0.7937586562764557,0.7615073919296265,0.7686471804133002,0.7467185854911804,0.8511723691660229,0.7942035794258118,0.853864824801219,0.7969133257865906,2.6924526139885994,2.7097370624542236,0.595059718261301,0.6468364000320435,0.8074108027257911,0.7707211971282959,0.903470993726541,0.8225982189178467
128,0.7864867076705576,0.7670654654502869,0.7837920190859662,0.7643465995788574,0.7552220515778458,0.7539998888969421,0.8465996742541914,0.7912442088127136,0.8492943628387827,0.7939630746841431,2.694687794035238,2.718855381011963,0.5630139391670665,0.6756579875946045,0.8019677520385035,0.7665626406669617,0.9006844808861699,0.8197788000106812
129,0.7739231473505741,0.7653560638427734,0.7712076660841581,0.7626146078109741,0.7398115154951689,0.7477094531059265,0.8389379856916995,0.7950555682182312,0.8416534669581156,0.7977970242500305,2.7154817082434035,2.7414650917053223,0.5313041143186568,0.6481194496154785,0.7925384854859656,0.7724401950836182,0.8955919388574689,0.8225687742233276
130,0.7730200124432358,0.7665817737579346,0.7703008263985381,0.7638515830039978,0.7375625907836927,0.7513964176177979,0.8396994759549461,0.7934001684188843,0.8424186619996438,0.796130359172821,2.7191859144378236,2.7301924228668213,0.5227229476121725,0.6630440354347229,0.7938337999352478,0.769495964050293,0.8961310405238326,0.8216492533683777
131,0.7676683089789843,0.7652792930603027,0.7649587171306563,0.7625523805618286,0.7314680816209932,0.748988926410675,0.8356688781484802,0.7934926748275757,0.8383784699968083,0.7962195873260498,2.709586733574746,2.72690749168396,0.5122871042715906,0.6553775668144226,0.7893307095575371,0.770000696182251,0.8927864234304702,0.8215885162353516
132,0.7609330908111904,0.7654372453689575,0.7582323001583059,0.762721836566925,0.7227445203716194,0.7496485710144043,0.8321214438071497,0.7932689785957336,0.8348222346067233,0.7959843873977661,2.700791804491251,2.7154242992401123,0.49267579068699463,0.6578952670097351,0.7851489541274392,0.7691383361816406,0.8904088208477843,0.8219121098518372
133,0.7594595745609274,0.7675880193710327,0.7567510710963468,0.7648603916168213,0.7202750622883891,0.7522716522216797,0.8320427112055176,0.7942096590995789,0.8347512145234093,0.7969372868537903,2.7085028494646357,2.727602005004883,0.4851775861989288,0.6640572547912598,0.7851062781797069,0.7711081504821777,0.8905413039303687,0.8216495513916016
