candidate_id,architecture,latent_dim,window_size,learning_rate,family,hidden_dims,dropout,beta_kl,branch_loss_weights,best_epoch,best_validation_score,validation_branch_weighted_loss,validation_common_reconstruction_loss,validation_market_loss,validation_sector_loss,validation_idio_loss,validation_kl_loss,validation_total_loss,n_parameters,training_time_seconds,n_train_windows,n_validation_windows,checkpoint,history_path,market_hidden,sector_hidden,idio_hidden,fusion_hidden
44,single_gru_large,32,10,0.0005,single_branch,"[128, 128]",0.2,0.001,"(0.3333333333333333, 0.3333333333333333, 0.3333333333333333)",48,0.7518366575241089,0.7518366575241089,0.8234603404998779,0.601179838180542,0.8181017637252808,0.8362281918525696,2.151850461959839,0.75398850440979,349821,39.52728550002212,2448,64,..\models\vae\candidates\candidate_044.pt,..\reports\figures\vae\training_curves\candidate_044.csv,,,,
40,single_gru_large,24,10,0.0005,single_branch,"[128, 128]",0.2,0.001,"(0.3333333333333333, 0.3333333333333333, 0.3333333333333333)",49,0.7578602433204651,0.7578602433204651,0.8284943103790283,0.6092850565910339,0.8263277411460876,0.8379678130149841,2.343717336654663,0.7602039575576782,344685,39.63327749999007,2448,64,..\models\vae\candidates\candidate_040.pt,..\reports\figures\vae\training_curves\candidate_040.csv,,,,
28,single_gru_medium,32,10,0.0005,single_branch,"[128, 64]",0.1,0.001,"(0.3333333333333333, 0.3333333333333333, 0.3333333333333333)",42,0.7746906280517578,0.7746906280517578,0.8291571736335754,0.6601232886314392,0.8261435031890869,0.8378051519393921,1.8647598028182983,0.7765553593635559,215933,32.38560499995947,2448,64,..\models\vae\candidates\candidate_028.pt,..\reports\figures\vae\training_curves\candidate_028.csv,,,,
8,single_gru_small,24,10,0.0005,single_branch,[64],0.0,0.001,"(0.3333333333333333, 0.3333333333333333, 0.3333333333333333)",42,0.7767381072044373,0.7767381072044373,0.8309431672096252,0.6627205610275269,0.8294861912727356,0.8380075097084045,2.6764004230499268,0.7794145345687866,48749,12.398968799971044,2448,64,..\models\vae\candidates\candidate_008.pt,..\reports\figures\vae\training_curves\candidate_008.csv,,,,
36,single_gru_large,16,10,0.0005,single_branch,"[128, 128]",0.2,0.001,"(0.3333333333333333, 0.3333333333333333, 0.3333333333333333)",23,0.7782053351402283,0.7782053351402283,0.8365481495857239,0.6554843187332153,0.8349693417549133,0.8441622853279114,1.948793649673462,0.7801541090011597,339549,38.779498400050215,2448,64,..\models\vae\candidates\candidate_036.pt,..\reports\figures\vae\training_curves\candidate_036.csv,,,,
0,single_gru_small,8,10,0.0005,single_branch,[64],0.0,0.001,"(0.3333333333333333, 0.3333333333333333, 0.3333333333333333)",42,0.7783385515213013,0.7783385515213013,0.8376821279525757,0.6535123586654663,0.8375096917152405,0.843993604183197,2.939194440841675,0.7812777757644653,43597,27.27738220000174,2448,64,..\models\vae\candidates\candidate_000.pt,..\reports\figures\vae\training_curves\candidate_000.csv,,,,
20,single_gru_medium,16,10,0.0005,single_branch,"[128, 64]",0.1,0.001,"(0.3333333333333333, 0.3333333333333333, 0.3333333333333333)",46,0.7810633182525635,0.7810633182525635,0.8333986401557922,0.6709784269332886,0.8324046730995178,0.8398067951202393,2.0769906044006348,0.7831403017044067,210781,32.666209000046365,2448,64,..\models\vae\candidates\candidate_020.pt,..\reports\figures\vae\training_curves\candidate_020.csv,,,,
4,single_gru_small,16,10,0.0005,single_branch,[64],0.0,0.001,"(0.3333333333333333, 0.3333333333333333, 0.3333333333333333)",49,0.7814034223556519,0.7814034223556519,0.8343544006347656,0.6700237989425659,0.833346426486969,0.8408399820327759,2.9614193439483643,0.7843648195266724,46173,12.081921599979978,2448,64,..\models\vae\candidates\candidate_004.pt,..\reports\figures\vae\training_curves\candidate_004.csv,,,,
32,single_gru_large,8,10,0.0005,single_branch,"[128, 128]",0.2,0.001,"(0.3333333333333333, 0.3333333333333333, 0.3333333333333333)",23,0.7847997546195984,0.7847997546195984,0.8442592024803162,0.6597299575805664,0.8480381369590759,0.8466312289237976,2.175327777862549,0.786975085735321,334413,65.91774350003107,2448,64,..\models\vae\candidates\candidate_032.pt,..\reports\figures\vae\training_curves\candidate_032.csv,,,,
24,single_gru_medium,24,10,0.0005,single_branch,"[128, 64]",0.1,0.001,"(0.3333333333333333, 0.3333333333333333, 0.3333333333333333)",28,0.7856258749961853,0.7856258749961853,0.8369917869567871,0.6775802373886108,0.8366508483886719,0.8426464796066284,1.8345508575439453,0.787460446357727,213357,32.023668800015,2448,64,..\models\vae\candidates\candidate_024.pt,..\reports\figures\vae\training_curves\candidate_024.csv,,,,
12,single_gru_small,32,10,0.0005,single_branch,[64],0.0,0.001,"(0.3333333333333333, 0.3333333333333333, 0.3333333333333333)",48,0.7864580154418945,0.7864580154418945,0.8306490778923035,0.6935042142868042,0.8268559575080872,0.8390137553215027,2.7270004749298096,0.7891849875450134,51325,12.100748000026215,2448,64,..\models\vae\candidates\candidate_012.pt,..\reports\figures\vae\training_curves\candidate_012.csv,,,,
45,single_gru_large,32,15,0.0005,single_branch,"[128, 128]",0.2,0.001,"(0.3333333333333333, 0.3333333333333333, 0.3333333333333333)",50,0.7916762828826904,0.7916762828826904,0.8391959071159363,0.6917209625244141,0.842768132686615,0.8405396938323975,2.127941608428955,0.7938042283058167,349821,54.46416679996764,2423,44,..\models\vae\candidates\candidate_045.pt,..\reports\figures\vae\training_curves\candidate_045.csv,,,,
16,single_gru_medium,8,10,0.0005,single_branch,"[128, 64]",0.1,0.001,"(0.3333333333333333, 0.3333333333333333, 0.3333333333333333)",31,0.7927298545837402,0.7927298545837402,0.8433263301849365,0.6863025426864624,0.846971869468689,0.8449151515960693,2.0287699699401855,0.7947586178779602,208205,31.79602030001115,2448,64,..\models\vae\candidates\candidate_016.pt,..\reports\figures\vae\training_curves\candidate_016.csv,,,,
41,single_gru_large,24,15,0.0005,single_branch,"[128, 128]",0.2,0.001,"(0.3333333333333333, 0.3333333333333333, 0.3333333333333333)",47,0.7930102944374084,0.7930102944374084,0.8361215591430664,0.7023277878761292,0.8392103910446167,0.8374925255775452,2.145934820175171,0.7951562404632568,344685,55.19463889999315,2423,44,..\models\vae\candidates\candidate_041.pt,..\reports\figures\vae\training_curves\candidate_041.csv,,,,
88,multibranch_deep,24,10,0.0005,multi_branch,,0.1,0.001,"(0.3333333333333333, 0.3333333333333333, 0.3333333333333333)",50,0.7957048416137695,0.7957048416137695,0.8214840888977051,0.7414793968200684,0.8101255297660828,0.8355095386505127,2.2652487754821777,0.7979701161384583,131117,53.44294519996038,2448,64,..\models\vae\candidates\candidate_088.pt,..\reports\figures\vae\training_curves\candidate_088.csv,"[16, 16]","[64, 32]","[64, 32]",128.0
76,multibranch_medium,32,10,0.0005,multi_branch,,0.1,0.001,"(0.3333333333333333, 0.3333333333333333, 0.3333333333333333)",50,0.797234833240509,0.797234833240509,0.8050127625465393,0.7808743119239807,0.7921944856643677,0.8186355829238892,2.7237844467163086,0.7999586462974548,108541,32.03702350001549,2448,64,..\models\vae\candidates\candidate_076.pt,..\reports\figures\vae\training_curves\candidate_076.csv,[16],[64],[64],128.0
33,single_gru_large,8,15,0.0005,single_branch,"[128, 128]",0.2,0.001,"(0.3333333333333333, 0.3333333333333333, 0.3333333333333333)",46,0.7977049350738525,0.7977049350738525,0.8415908813476562,0.7053931355476379,0.8472264409065247,0.8404951691627502,2.2570226192474365,0.7999619841575623,334413,103.29200919996947,2423,44,..\models\vae\candidates\candidate_033.pt,..\reports\figures\vae\training_curves\candidate_033.csv,,,,
72,multibranch_medium,24,10,0.0005,multi_branch,,0.1,0.001,"(0.3333333333333333, 0.3333333333333333, 0.3333333333333333)",50,0.7979965209960938,0.7979965209960938,0.8038762211799622,0.785628616809845,0.7899251580238342,0.8184356689453125,2.4244837760925293,0.8004209995269775,103021,31.99318640003912,2448,64,..\models\vae\candidates\candidate_072.pt,..\reports\figures\vae\training_curves\candidate_072.csv,[16],[64],[64],128.0
68,multibranch_medium,16,10,0.0005,multi_branch,,0.1,0.001,"(0.3333333333333333, 0.3333333333333333, 0.3333333333333333)",50,0.7985101938247681,0.7985101938247681,0.8127284049987793,0.768602728843689,0.8054201006889343,0.8215075731277466,2.456732988357544,0.8009669184684753,97501,32.42079780000495,2448,64,..\models\vae\candidates\candidate_068.pt,..\reports\figures\vae\training_curves\candidate_068.csv,[16],[64],[64],128.0
29,single_gru_medium,32,15,0.0005,single_branch,"[128, 64]",0.1,0.001,"(0.3333333333333333, 0.3333333333333333, 0.3333333333333333)",50,0.8000957369804382,0.8000957369804382,0.8411572575569153,0.7137247920036316,0.8452430367469788,0.8413193225860596,2.124366044998169,0.8022201061248779,215933,45.35190359997796,2423,44,..\models\vae\candidates\candidate_029.pt,..\reports\figures\vae\training_curves\candidate_029.csv,,,,
25,single_gru_medium,24,15,0.0005,single_branch,"[128, 64]",0.1,0.001,"(0.3333333333333333, 0.3333333333333333, 0.3333333333333333)",40,0.8007221221923828,0.8007221221923828,0.8421984910964966,0.7134788036346436,0.8482930064201355,0.8403945565223694,1.8071092367172241,0.8025292158126831,213357,43.91432270000223,2423,44,..\models\vae\candidates\candidate_025.pt,..\reports\figures\vae\training_curves\candidate_025.csv,,,,
37,single_gru_large,16,15,0.0005,single_branch,"[128, 128]",0.2,0.001,"(0.3333333333333333, 0.3333333333333333, 0.3333333333333333)",48,0.8009284734725952,0.8009284734725952,0.8421518206596375,0.7142172455787659,0.8453916311264038,0.8431763648986816,2.0347251892089844,0.8029631972312927,339549,54.15997019998031,2423,44,..\models\vae\candidates\candidate_037.pt,..\reports\figures\vae\training_curves\candidate_037.csv,,,,
104,multibranch_idio_large,24,10,0.0005,multi_branch,,0.1,0.001,"(0.3333333333333333, 0.3333333333333333, 0.3333333333333333)",49,0.8014024496078491,0.8014024496078491,0.8091824650764465,0.7850373387336731,0.7946138381958008,0.8245560526847839,2.445819616317749,0.8038482666015625,259693,50.180719600000884,2448,64,..\models\vae\candidates\candidate_104.pt,..\reports\figures\vae\training_curves\candidate_104.csv,[16],[64],"[128, 64]",128.0
84,multibranch_deep,16,10,0.0005,multi_branch,,0.1,0.001,"(0.3333333333333333, 0.3333333333333333, 0.3333333333333333)",48,0.802277684211731,0.802277684211731,0.8224865794181824,0.7597693204879761,0.8138505816459656,0.8332130908966064,2.3737759590148926,0.8046514391899109,127133,53.51698710001074,2448,64,..\models\vae\candidates\candidate_084.pt,..\reports\figures\vae\training_curves\candidate_084.csv,"[16, 16]","[64, 32]","[64, 32]",128.0
100,multibranch_idio_large,16,10,0.0005,multi_branch,,0.1,0.001,"(0.3333333333333333, 0.3333333333333333, 0.3333333333333333)",50,0.802611231803894,0.802611231803894,0.8112283945083618,0.7844853401184082,0.7999931573867798,0.8233551383018494,2.599029541015625,0.8052102327346802,254173,49.48644080001395,2448,64,..\models\vae\candidates\candidate_100.pt,..\reports\figures\vae\training_curves\candidate_100.csv,[16],[64],"[128, 64]",128.0
92,multibranch_deep,32,10,0.0005,multi_branch,,0.1,0.001,"(0.3333333333333333, 0.3333333333333333, 0.3333333333333333)",48,0.8033208847045898,0.8033208847045898,0.8182563185691833,0.7719050645828247,0.8069472908973694,0.8311102390289307,2.331218719482422,0.8056520819664001,135101,53.508731200010516,2448,64,..\models\vae\candidates\candidate_092.pt,..\reports\figures\vae\training_curves\candidate_092.csv,"[16, 16]","[64, 32]","[64, 32]",128.0
17,single_gru_medium,8,15,0.0005,single_branch,"[128, 64]",0.1,0.001,"(0.3333333333333333, 0.3333333333333333, 0.3333333333333333)",45,0.8041228652000427,0.8041228652000427,0.8417568206787109,0.7249616980552673,0.8460462093353271,0.8413606882095337,2.32909893989563,0.8064519762992859,208205,43.75450590002583,2423,44,..\models\vae\candidates\candidate_017.pt,..\reports\figures\vae\training_curves\candidate_017.csv,,,,
108,multibranch_idio_large,32,10,0.0005,multi_branch,,0.1,0.001,"(0.3333333333333333, 0.3333333333333333, 0.3333333333333333)",50,0.8045617341995239,0.8045617341995239,0.8098443746566772,0.7934499382972717,0.795866072177887,0.8243691325187683,2.4487574100494385,0.8070104718208313,265213,49.19362859998364,2448,64,..\models\vae\candidates\candidate_108.pt,..\reports\figures\vae\training_curves\candidate_108.csv,[16],[64],"[128, 64]",128.0
21,single_gru_medium,16,15,0.0005,single_branch,"[128, 64]",0.1,0.001,"(0.3333333333333333, 0.3333333333333333, 0.3333333333333333)",49,0.806121826171875,0.806121826171875,0.8442804217338562,0.7258571982383728,0.8504820466041565,0.8420261144638062,2.038461923599243,0.8081603050231934,210781,45.68580210005166,2423,44,..\models\vae\candidates\candidate_021.pt,..\reports\figures\vae\training_curves\candidate_021.csv,,,,
80,multibranch_deep,8,10,0.0005,multi_branch,,0.1,0.001,"(0.3333333333333333, 0.3333333333333333, 0.3333333333333333)",50,0.8094587922096252,0.8094587922096252,0.8290595412254333,0.768229603767395,0.8231028318405151,0.8370439410209656,2.556072235107422,0.8120148777961731,123149,53.4717621000018,2448,64,..\models\vae\candidates\candidate_080.pt,..\reports\figures\vae\training_curves\candidate_080.csv,"[16, 16]","[64, 32]","[64, 32]",128.0
9,single_gru_small,24,15,0.0005,single_branch,[64],0.0,0.001,"(0.3333333333333333, 0.3333333333333333, 0.3333333333333333)",49,0.8190221786499023,0.8190221786499023,0.8410579562187195,0.7726711630821228,0.8458241820335388,0.8385711312294006,2.3103187084198,0.8213325142860413,48749,16.037424699985422,2423,44,..\models\vae\candidates\candidate_009.pt,..\reports\figures\vae\training_curves\candidate_009.csv,,,,
96,multibranch_idio_large,8,10,0.0005,multi_branch,,0.1,0.001,"(0.3333333333333333, 0.3333333333333333, 0.3333333333333333)",50,0.8202903270721436,0.8202903270721436,0.8272961974143982,0.8055537939071655,0.815697968006134,0.8396191000938416,2.6034488677978516,0.8228937983512878,248653,49.3554848000058,2448,64,..\models\vae\candidates\candidate_096.pt,..\reports\figures\vae\training_curves\candidate_096.csv,[16],[64],"[128, 64]",128.0
13,single_gru_small,32,15,0.0005,single_branch,[64],0.0,0.001,"(0.3333333333333333, 0.3333333333333333, 0.3333333333333333)",49,0.8203656077384949,0.8203656077384949,0.843136191368103,0.7724688649177551,0.8465670347213745,0.842060923576355,2.4990618228912354,0.8228646516799927,51325,20.64310149999801,2423,44,..\models\vae\candidates\candidate_013.pt,..\reports\figures\vae\training_curves\candidate_013.csv,,,,
89,multibranch_deep,24,15,0.0005,multi_branch,,0.1,0.001,"(0.3333333333333333, 0.3333333333333333, 0.3333333333333333)",50,0.8215019702911377,0.8215019702911377,0.8361193537712097,0.7907552123069763,0.8364999890327454,0.8372505307197571,2.3243043422698975,0.823826253414154,131117,73.6430578000145,2423,44,..\models\vae\candidates\candidate_089.pt,..\reports\figures\vae\training_curves\candidate_089.csv,"[16, 16]","[64, 32]","[64, 32]",128.0
64,multibranch_medium,8,10,0.0005,multi_branch,,0.1,0.001,"(0.3333333333333333, 0.3333333333333333, 0.3333333333333333)",50,0.8227895498275757,0.8227895498275757,0.8317188620567322,0.804007351398468,0.8246315717697144,0.8397297859191895,2.298987627029419,0.8250885605812073,91981,30.948269499989692,2448,64,..\models\vae\candidates\candidate_064.pt,..\reports\figures\vae\training_curves\candidate_064.csv,[16],[64],[64],128.0
93,multibranch_deep,32,15,0.0005,multi_branch,,0.1,0.001,"(0.3333333333333333, 0.3333333333333333, 0.3333333333333333)",50,0.8287843465805054,0.8287843465805054,0.8373440504074097,0.8107795715332031,0.8366783261299133,0.8388952016830444,2.2901086807250977,0.8310744762420654,135101,72.36771869997028,2423,44,..\models\vae\candidates\candidate_093.pt,..\reports\figures\vae\training_curves\candidate_093.csv,"[16, 16]","[64, 32]","[64, 32]",128.0
1,single_gru_small,8,15,0.0005,single_branch,[64],0.0,0.001,"(0.3333333333333333, 0.3333333333333333, 0.3333333333333333)",50,0.829731285572052,0.829731285572052,0.8435402512550354,0.8006848096847534,0.8493244051933289,0.8391846418380737,2.510014772415161,0.8322412967681885,43597,48.94929029996274,2423,44,..\models\vae\candidates\candidate_001.pt,..\reports\figures\vae\training_curves\candidate_001.csv,,,,
85,multibranch_deep,16,15,0.0005,multi_branch,,0.1,0.001,"(0.3333333333333333, 0.3333333333333333, 0.3333333333333333)",50,0.8326245546340942,0.8326245546340942,0.8406398296356201,0.8157644271850586,0.8445664644241333,0.8375425338745117,2.1984190940856934,0.834822952747345,127133,72.56585900002392,2423,44,..\models\vae\candidates\candidate_085.pt,..\reports\figures\vae\training_curves\candidate_085.csv,"[16, 16]","[64, 32]","[64, 32]",128.0
60,multibranch_small,32,10,0.0005,multi_branch,,0.0,0.001,"(0.3333333333333333, 0.3333333333333333, 0.3333333333333333)",50,0.8330672979354858,0.8330672979354858,0.8251089453697205,0.8498069047927856,0.8207277655601501,0.8286669850349426,2.6753172874450684,0.8357425928115845,37053,22.3787875000271,2448,64,..\models\vae\candidates\candidate_060.pt,..\reports\figures\vae\training_curves\candidate_060.csv,[8],[32],[32],64.0
56,multibranch_small,24,10,0.0005,multi_branch,,0.0,0.001,"(0.3333333333333333, 0.3333333333333333, 0.3333333333333333)",50,0.8348355293273926,0.8348355293273926,0.8278208374977112,0.8495904803276062,0.8218930959701538,0.833022952079773,2.8940858840942383,0.8377296328544617,34285,22.971041699987836,2448,64,..\models\vae\candidates\candidate_056.pt,..\reports\figures\vae\training_curves\candidate_056.csv,[8],[32],[32],64.0
52,multibranch_small,16,10,0.0005,multi_branch,,0.0,0.001,"(0.3333333333333333, 0.3333333333333333, 0.3333333333333333)",50,0.836365818977356,0.836365818977356,0.8272806406021118,0.855475902557373,0.8155425190925598,0.8380789756774902,2.5676732063293457,0.8389334678649902,31517,23.97139459999744,2448,64,..\models\vae\candidates\candidate_052.pt,..\reports\figures\vae\training_curves\candidate_052.csv,[8],[32],[32],64.0
81,multibranch_deep,8,15,0.0005,multi_branch,,0.1,0.001,"(0.3333333333333333, 0.3333333333333333, 0.3333333333333333)",50,0.8367674350738525,0.8367674350738525,0.8411611914634705,0.8275250196456909,0.844577431678772,0.83819979429245,2.188258171081543,0.8389557003974915,123149,74.19530409999425,2423,44,..\models\vae\candidates\candidate_081.pt,..\reports\figures\vae\training_curves\candidate_081.csv,"[16, 16]","[64, 32]","[64, 32]",128.0
5,single_gru_small,16,15,0.0005,single_branch,[64],0.0,0.001,"(0.3333333333333333, 0.3333333333333333, 0.3333333333333333)",48,0.8377859592437744,0.8377859592437744,0.8446136116981506,0.8234239220619202,0.8474687337875366,0.8424649834632874,2.2556865215301514,0.8400416374206543,46173,15.689356199989561,2423,44,..\models\vae\candidates\candidate_005.pt,..\reports\figures\vae\training_curves\candidate_005.csv,,,,
69,multibranch_medium,16,15,0.0005,multi_branch,,0.1,0.001,"(0.3333333333333333, 0.3333333333333333, 0.3333333333333333)",50,0.8396245241165161,0.8396245241165161,0.8336790204048157,0.8521304726600647,0.8333039283752441,0.8334391713142395,2.1224536895751953,0.841746985912323,97501,43.07636179996189,2423,44,..\models\vae\candidates\candidate_069.pt,..\reports\figures\vae\training_curves\candidate_069.csv,[16],[64],[64],128.0
48,multibranch_small,8,10,0.0005,multi_branch,,0.0,0.001,"(0.3333333333333333, 0.3333333333333333, 0.3333333333333333)",50,0.8402220010757446,0.8402220010757446,0.8316589593887329,0.8582338094711304,0.8273573517799377,0.8350747227668762,2.4347734451293945,0.8426567912101746,28749,23.86765969998669,2448,64,..\models\vae\candidates\candidate_048.pt,..\reports\figures\vae\training_curves\candidate_048.csv,[8],[32],[32],64.0
73,multibranch_medium,24,15,0.0005,multi_branch,,0.1,0.001,"(0.3333333333333333, 0.3333333333333333, 0.3333333333333333)",50,0.8427451848983765,0.8427451848983765,0.8331396579742432,0.8629499077796936,0.8314265608787537,0.8338590860366821,2.2192275524139404,0.8449643850326538,103021,42.54667920002248,2423,44,..\models\vae\candidates\candidate_073.pt,..\reports\figures\vae\training_curves\candidate_073.csv,[16],[64],[64],128.0
109,multibranch_idio_large,32,15,0.0005,multi_branch,,0.1,0.001,"(0.3333333333333333, 0.3333333333333333, 0.3333333333333333)",47,0.8459304571151733,0.8459304571151733,0.8315103054046631,0.8762624263763428,0.8271594643592834,0.8343693614006042,2.229170083999634,0.8481596112251282,265213,68.68714870000258,2423,44,..\models\vae\candidates\candidate_109.pt,..\reports\figures\vae\training_curves\candidate_109.csv,[16],[64],"[128, 64]",128.0
105,multibranch_idio_large,24,15,0.0005,multi_branch,,0.1,0.001,"(0.3333333333333333, 0.3333333333333333, 0.3333333333333333)",50,0.8474068641662598,0.8474068641662598,0.8352436423301697,0.8729912042617798,0.8332151770591736,0.8360140323638916,2.301670551300049,0.8497085571289062,259693,68.90141360001871,2423,44,..\models\vae\candidates\candidate_105.pt,..\reports\figures\vae\training_curves\candidate_105.csv,[16],[64],"[128, 64]",128.0
42,single_gru_large,24,20,0.0005,single_branch,"[128, 128]",0.2,0.001,"(0.3333333333333333, 0.3333333333333333, 0.3333333333333333)",47,0.8484244346618652,0.8484244346618652,0.8519595861434937,0.8409883379936218,0.8579248785972595,0.84635990858078,1.9327507019042969,0.850357174873352,344685,70.92373560002306,2398,24,..\models\vae\candidates\candidate_042.pt,..\reports\figures\vae\training_curves\candidate_042.csv,,,,
38,single_gru_large,16,20,0.0005,single_branch,"[128, 128]",0.2,0.001,"(0.3333333333333333, 0.3333333333333333, 0.3333333333333333)",38,0.8503260612487793,0.8503260612487793,0.8539307713508606,0.8427435755729675,0.8607476353645325,0.8474868535995483,2.0376994609832764,0.8523637652397156,339549,71.26369709998835,2398,24,..\models\vae\candidates\candidate_038.pt,..\reports\figures\vae\training_curves\candidate_038.csv,,,,
46,single_gru_large,32,20,0.0005,single_branch,"[128, 128]",0.2,0.001,"(0.3333333333333333, 0.3333333333333333, 0.3333333333333333)",36,0.8523889183998108,0.8523889183998108,0.8529376983642578,0.8512346744537354,0.8586382269859314,0.8472939133644104,1.744928002357483,0.8541338443756104,349821,71.00831320002908,2398,24,..\models\vae\candidates\candidate_046.pt,..\reports\figures\vae\training_curves\candidate_046.csv,,,,
26,single_gru_medium,24,20,0.0005,single_branch,"[128, 64]",0.1,0.001,"(0.3333333333333333, 0.3333333333333333, 0.3333333333333333)",39,0.8529599905014038,0.8529599905014038,0.852502167224884,0.8539229035377502,0.8577554225921631,0.8472015857696533,1.66561758518219,0.8546255826950073,213357,56.55500349996146,2398,24,..\models\vae\candidates\candidate_026.pt,..\reports\figures\vae\training_curves\candidate_026.csv,,,,
77,multibranch_medium,32,15,0.0005,multi_branch,,0.1,0.001,"(0.3333333333333333, 0.3333333333333333, 0.3333333333333333)",50,0.8539069890975952,0.8539069890975952,0.8319034576416016,0.9001900553703308,0.8290411233901978,0.8324896693229675,2.285473108291626,0.8561924695968628,108541,42.81578940001782,2423,44,..\models\vae\candidates\candidate_077.pt,..\reports\figures\vae\training_curves\candidate_077.csv,[16],[64],[64],128.0
30,single_gru_medium,32,20,0.0005,single_branch,"[128, 64]",0.1,0.001,"(0.3333333333333333, 0.3333333333333333, 0.3333333333333333)",47,0.8542308211326599,0.8542308211326599,0.8524961471557617,0.8578794002532959,0.8596715927124023,0.8451412916183472,1.8078197240829468,0.8560386300086975,215933,56.921947499969974,2398,24,..\models\vae\candidates\candidate_030.pt,..\reports\figures\vae\training_curves\candidate_030.csv,,,,
22,single_gru_medium,16,20,0.0005,single_branch,"[128, 64]",0.1,0.001,"(0.3333333333333333, 0.3333333333333333, 0.3333333333333333)",43,0.8546262383460999,0.8546262383460999,0.856469452381134,0.8507489562034607,0.8647199869155884,0.8484097123146057,1.9219393730163574,0.8565481901168823,210781,55.90059299999848,2398,24,..\models\vae\candidates\candidate_022.pt,..\reports\figures\vae\training_curves\candidate_022.csv,,,,
34,single_gru_large,8,20,0.0005,single_branch,"[128, 128]",0.2,0.001,"(0.3333333333333333, 0.3333333333333333, 0.3333333333333333)",36,0.8550513982772827,0.8550513982772827,0.8566624522209167,0.8516625761985779,0.8651266098022461,0.8483648300170898,2.1056768894195557,0.8571570515632629,334413,140.5502298999927,2398,24,..\models\vae\candidates\candidate_034.pt,..\reports\figures\vae\training_curves\candidate_034.csv,,,,
18,single_gru_medium,8,20,0.0005,single_branch,"[128, 64]",0.1,0.001,"(0.3333333333333333, 0.3333333333333333, 0.3333333333333333)",34,0.8562716245651245,0.8562716245651245,0.8620482683181763,0.8441208600997925,0.8746812343597412,0.8500127792358398,1.870168685913086,0.8581417798995972,208205,75.35643000004347,2398,24,..\models\vae\candidates\candidate_018.pt,..\reports\figures\vae\training_curves\candidate_018.csv,,,,
14,single_gru_small,32,20,0.0005,single_branch,[64],0.0,0.001,"(0.3333333333333333, 0.3333333333333333, 0.3333333333333333)",48,0.8602733612060547,0.8602733612060547,0.8542781472206116,0.8728838562965393,0.8619755506515503,0.8459604978561401,2.3582956790924072,0.8626316785812378,51325,20.603942800022196,2398,24,..\models\vae\candidates\candidate_014.pt,..\reports\figures\vae\training_curves\candidate_014.csv,,,,
49,multibranch_small,8,15,0.0005,multi_branch,,0.0,0.001,"(0.3333333333333333, 0.3333333333333333, 0.3333333333333333)",50,0.8614627122879028,0.8614627122879028,0.8413789868354797,0.9037075042724609,0.8436787724494934,0.8370017409324646,2.3558595180511475,0.8638185858726501,28749,31.61895650002407,2423,44,..\models\vae\candidates\candidate_049.pt,..\reports\figures\vae\training_curves\candidate_049.csv,[8],[32],[32],64.0
97,multibranch_idio_large,8,15,0.0005,multi_branch,,0.1,0.001,"(0.3333333333333333, 0.3333333333333333, 0.3333333333333333)",46,0.8653496503829956,0.8653496503829956,0.8404691815376282,0.9176843166351318,0.8382241129875183,0.8401404619216919,2.179888963699341,0.8675295114517212,248653,66.87432880001143,2423,44,..\models\vae\candidates\candidate_097.pt,..\reports\figures\vae\training_curves\candidate_097.csv,[16],[64],"[128, 64]",128.0
65,multibranch_medium,8,15,0.0005,multi_branch,,0.1,0.001,"(0.3333333333333333, 0.3333333333333333, 0.3333333333333333)",50,0.865811824798584,0.865811824798584,0.8394538760185242,0.9212542176246643,0.8378040194511414,0.838377058506012,2.0558512210845947,0.867867648601532,91981,41.40015319996746,2423,44,..\models\vae\candidates\candidate_065.pt,..\reports\figures\vae\training_curves\candidate_065.csv,[16],[64],[64],128.0
101,multibranch_idio_large,16,15,0.0005,multi_branch,,0.1,0.001,"(0.3333333333333333, 0.3333333333333333, 0.3333333333333333)",49,0.8664672374725342,0.8664672374725342,0.8352006673812866,0.9322348833084106,0.8323990106582642,0.8347678184509277,2.19964599609375,0.8686668872833252,254173,66.72151689999737,2423,44,..\models\vae\candidates\candidate_101.pt,..\reports\figures\vae\training_curves\candidate_101.csv,[16],[64],"[128, 64]",128.0
61,multibranch_small,32,15,0.0005,multi_branch,,0.0,0.001,"(0.3333333333333333, 0.3333333333333333, 0.3333333333333333)",49,0.8686881065368652,0.8686881065368652,0.838141143321991,0.9329420328140259,0.8386446237564087,0.8344776034355164,2.2658917903900146,0.8709539771080017,37053,30.118921199988108,2423,44,..\models\vae\candidates\candidate_061.pt,..\reports\figures\vae\training_curves\candidate_061.csv,[8],[32],[32],64.0
86,multibranch_deep,16,20,0.0005,multi_branch,,0.1,0.001,"(0.3333333333333333, 0.3333333333333333, 0.3333333333333333)",48,0.8699580430984497,0.8699580430984497,0.8525131344795227,0.9066523313522339,0.8591695427894592,0.8440521955490112,1.9229106903076172,0.8718809485435486,127133,92.46300039999187,2398,24,..\models\vae\candidates\candidate_086.pt,..\reports\figures\vae\training_curves\candidate_086.csv,"[16, 16]","[64, 32]","[64, 32]",128.0
94,multibranch_deep,32,20,0.0005,multi_branch,,0.1,0.001,"(0.3333333333333333, 0.3333333333333333, 0.3333333333333333)",41,0.8703618049621582,0.8703618049621582,0.8510947823524475,0.9108890295028687,0.8568966388702393,0.8432998061180115,1.8913497924804688,0.8722531795501709,135101,92.20365839998703,2398,24,..\models\vae\candidates\candidate_094.pt,..\reports\figures\vae\training_curves\candidate_094.csv,"[16, 16]","[64, 32]","[64, 32]",128.0
90,multibranch_deep,24,20,0.0005,multi_branch,,0.1,0.001,"(0.3333333333333333, 0.3333333333333333, 0.3333333333333333)",48,0.8707901835441589,0.8707901835441589,0.8511050939559937,0.912196695804596,0.8557853698730469,0.8443883061408997,1.960069179534912,0.8727502822875977,131117,92.30422769999132,2398,24,..\models\vae\candidates\candidate_090.pt,..\reports\figures\vae\training_curves\candidate_090.csv,"[16, 16]","[64, 32]","[64, 32]",128.0
53,multibranch_small,16,15,0.0005,multi_branch,,0.0,0.001,"(0.3333333333333333, 0.3333333333333333, 0.3333333333333333)",50,0.8738356828689575,0.8738356828689575,0.8427761793136597,0.9391676187515259,0.8422765731811523,0.8400627374649048,2.3296074867248535,0.8761652708053589,31517,29.08665359998122,2423,44,..\models\vae\candidates\candidate_053.pt,..\reports\figures\vae\training_curves\candidate_053.csv,[8],[32],[32],64.0
10,single_gru_small,24,20,0.0005,single_branch,[64],0.0,0.001,"(0.3333333333333333, 0.3333333333333333, 0.3333333333333333)",46,0.8747743368148804,0.8747743368148804,0.8550285696983337,0.9163084030151367,0.8629225492477417,0.8450918793678284,2.154256582260132,0.8769285678863525,48749,20.125936800031923,2398,24,..\models\vae\candidates\candidate_010.pt,..\reports\figures\vae\training_curves\candidate_010.csv,,,,
57,multibranch_small,24,15,0.0005,multi_branch,,0.0,0.001,"(0.3333333333333333, 0.3333333333333333, 0.3333333333333333)",50,0.8748941421508789,0.8748941421508789,0.8400185108184814,0.9482530951499939,0.8383414149284363,0.8380877375602722,2.2109081745147705,0.8771050572395325,34285,30.09480199997779,2423,44,..\models\vae\candidates\candidate_057.pt,..\reports\figures\vae\training_curves\candidate_057.csv,[8],[32],[32],64.0
82,multibranch_deep,8,20,0.0005,multi_branch,,0.1,0.001,"(0.3333333333333333, 0.3333333333333333, 0.3333333333333333)",44,0.8757681846618652,0.8757681846618652,0.8553506135940552,0.9187154769897461,0.863408088684082,0.8451809287071228,1.7399789094924927,0.8775081634521484,123149,95.44554659997812,2398,24,..\models\vae\candidates\candidate_082.pt,..\reports\figures\vae\training_curves\candidate_082.csv,"[16, 16]","[64, 32]","[64, 32]",128.0
2,single_gru_small,8,20,0.0005,single_branch,[64],0.0,0.001,"(0.3333333333333333, 0.3333333333333333, 0.3333333333333333)",36,0.877548336982727,0.877548336982727,0.8585111498832703,0.9175922870635986,0.8673921227455139,0.8476607203483582,1.941821575164795,0.8794901371002197,43597,45.47431989997858,2398,24,..\models\vae\candidates\candidate_002.pt,..\reports\figures\vae\training_curves\candidate_002.csv,,,,
6,single_gru_small,16,20,0.0005,single_branch,[64],0.0,0.001,"(0.3333333333333333, 0.3333333333333333, 0.3333333333333333)",36,0.8776167035102844,0.8776167035102844,0.8550418615341187,0.9251016974449158,0.8610085844993591,0.8467397689819336,2.011185884475708,0.8796278834342957,46173,19.491829800012056,2398,24,..\models\vae\candidates\candidate_006.pt,..\reports\figures\vae\training_curves\candidate_006.csv,,,,
102,multibranch_idio_large,16,20,0.0005,multi_branch,,0.1,0.001,"(0.3333333333333333, 0.3333333333333333, 0.3333333333333333)",50,0.8777673244476318,0.8777673244476318,0.8522340059280396,0.9314752221107483,0.8554626703262329,0.8463640213012695,2.0997607707977295,0.8798670768737793,254173,89.07015099999262,2398,24,..\models\vae\candidates\candidate_102.pt,..\reports\figures\vae\training_curves\candidate_102.csv,[16],[64],"[128, 64]",128.0
78,multibranch_medium,32,20,0.0005,multi_branch,,0.1,0.001,"(0.3333333333333333, 0.3333333333333333, 0.3333333333333333)",49,0.8800984621047974,0.8800984621047974,0.8497297763824463,0.9439772367477417,0.8538482785224915,0.8424695730209351,1.9897204637527466,0.8820881843566895,108541,54.663660799968056,2398,24,..\models\vae\candidates\candidate_078.pt,..\reports\figures\vae\training_curves\candidate_078.csv,[16],[64],[64],128.0
98,multibranch_idio_large,8,20,0.0005,multi_branch,,0.1,0.001,"(0.3333333333333333, 0.3333333333333333, 0.3333333333333333)",48,0.8817404508590698,0.8817404508590698,0.8522626757621765,0.9437454342842102,0.8558435440063477,0.8456324338912964,2.0522682666778564,0.8837926983833313,248653,87.77761290001217,2398,24,..\models\vae\candidates\candidate_098.pt,..\reports\figures\vae\training_curves\candidate_098.csv,[16],[64],"[128, 64]",128.0
106,multibranch_idio_large,24,20,0.0005,multi_branch,,0.1,0.001,"(0.3333333333333333, 0.3333333333333333, 0.3333333333333333)",44,0.8843292593955994,0.8843292593955994,0.8492180109024048,0.9581838250160217,0.8515707850456238,0.843233048915863,1.895882487297058,0.886225163936615,259693,87.35594490001677,2398,24,..\models\vae\candidates\candidate_106.pt,..\reports\figures\vae\training_curves\candidate_106.csv,[16],[64],"[128, 64]",128.0
62,multibranch_small,32,20,0.0005,multi_branch,,0.0,0.001,"(0.3333333333333333, 0.3333333333333333, 0.3333333333333333)",50,0.8879168033599854,0.8879168033599854,0.8533989191055298,0.9605233669281006,0.858502984046936,0.8447239398956299,2.3238885402679443,0.8902406692504883,37053,38.233484100026544,2398,24,..\models\vae\candidates\candidate_062.pt,..\reports\figures\vae\training_curves\candidate_062.csv,[8],[32],[32],64.0
47,single_gru_large,32,25,0.0005,single_branch,"[128, 128]",0.2,0.001,"(0.3333333333333333, 0.3333333333333333, 0.3333333333333333)",48,0.8925734162330627,0.8925734162330627,0.8804026246070862,0.9181739091873169,0.9017717838287354,0.857774555683136,1.6038687229156494,0.894177258014679,349821,87.93667819997063,2373,4,..\models\vae\candidates\candidate_047.pt,..\reports\figures\vae\training_curves\candidate_047.csv,,,,
58,multibranch_small,24,20,0.0005,multi_branch,,0.0,0.001,"(0.3333333333333333, 0.3333333333333333, 0.3333333333333333)",46,0.8944333791732788,0.8944333791732788,0.855868935585022,0.9755517244338989,0.8632488250732422,0.8444996476173401,2.344266891479492,0.8967776298522949,34285,37.203422699996736,2398,24,..\models\vae\candidates\candidate_058.pt,..\reports\figures\vae\training_curves\candidate_058.csv,[8],[32],[32],64.0
23,single_gru_medium,16,25,0.0005,single_branch,"[128, 64]",0.1,0.001,"(0.3333333333333333, 0.3333333333333333, 0.3333333333333333)",45,0.8948928713798523,0.8948928713798523,0.8841662406921387,0.9174556136131287,0.90730881690979,0.8599140048027039,1.7116649150848389,0.8966045379638672,210781,69.40622060000896,2373,4,..\models\vae\candidates\candidate_023.pt,..\reports\figures\vae\training_curves\candidate_023.csv,,,,
54,multibranch_small,16,20,0.0005,multi_branch,,0.0,0.001,"(0.3333333333333333, 0.3333333333333333, 0.3333333333333333)",49,0.895243763923645,0.895243763923645,0.8564364314079285,0.9768730998039246,0.86210697889328,0.8467512726783752,2.2823829650878906,0.8975261449813843,31517,37.97367119998671,2398,24,..\models\vae\candidates\candidate_054.pt,..\reports\figures\vae\training_curves\candidate_054.csv,[8],[32],[32],64.0
31,single_gru_medium,32,25,0.0005,single_branch,"[128, 64]",0.1,0.001,"(0.3333333333333333, 0.3333333333333333, 0.3333333333333333)",48,0.8966668844223022,0.8966668844223022,0.8812597393989563,0.929074764251709,0.904293954372406,0.8566317558288574,1.6566193103790283,0.8983234763145447,215933,96.13220300001558,2373,4,..\models\vae\candidates\candidate_031.pt,..\reports\figures\vae\training_curves\candidate_031.csv,,,,
39,single_gru_large,16,25,0.0005,single_branch,"[128, 128]",0.2,0.001,"(0.3333333333333333, 0.3333333333333333, 0.3333333333333333)",36,0.8971522450447083,0.8971522450447083,0.8835955262184143,0.9256681203842163,0.9064726829528809,0.8593159317970276,1.6327159404754639,0.8987849354743958,339549,86.17793350003194,2373,4,..\models\vae\candidates\candidate_039.pt,..\reports\figures\vae\training_curves\candidate_039.csv,,,,
27,single_gru_medium,24,25,0.0005,single_branch,"[128, 64]",0.1,0.001,"(0.3333333333333333, 0.3333333333333333, 0.3333333333333333)",50,0.8985999822616577,0.8985999822616577,0.8837927579879761,0.929746150970459,0.9083853363990784,0.8576685190200806,1.7356544733047485,0.9003356099128723,213357,77.79844749998301,2373,4,..\models\vae\candidates\candidate_027.pt,..\reports\figures\vae\training_curves\candidate_027.csv,,,,
43,single_gru_large,24,25,0.0005,single_branch,"[128, 128]",0.2,0.001,"(0.3333333333333333, 0.3333333333333333, 0.3333333333333333)",50,0.9002079963684082,0.9002079963684082,0.8786540031433105,0.9455457925796509,0.9020849466323853,0.8529933094978333,1.8118438720703125,0.9020198583602905,344685,87.35417600005167,2373,4,..\models\vae\candidates\candidate_043.pt,..\reports\figures\vae\training_curves\candidate_043.csv,,,,
19,single_gru_medium,8,25,0.0005,single_branch,"[128, 64]",0.1,0.001,"(0.3333333333333333, 0.3333333333333333, 0.3333333333333333)",47,0.9012130498886108,0.9012130498886108,0.8871458768844604,0.930802583694458,0.9127008318901062,0.8601358532905579,1.8028945922851562,0.9030159711837769,208205,68.91165210003965,2373,4,..\models\vae\candidates\candidate_019.pt,..\reports\figures\vae\training_curves\candidate_019.csv,,,,
35,single_gru_large,8,25,0.0005,single_branch,"[128, 128]",0.2,0.001,"(0.3333333333333333, 0.3333333333333333, 0.3333333333333333)",40,0.9025453329086304,0.9025453329086304,0.8815580010414124,0.9466910362243652,0.9046518802642822,0.8562930226325989,1.8318051099777222,0.9043771624565125,334413,178.90275619999738,2373,4,..\models\vae\candidates\candidate_035.pt,..\reports\figures\vae\training_curves\candidate_035.csv,,,,
66,multibranch_medium,8,20,0.0005,multi_branch,,0.1,0.001,"(0.3333333333333333, 0.3333333333333333, 0.3333333333333333)",50,0.902855396270752,0.902855396270752,0.8546639084815979,1.0042235851287842,0.8603900074958801,0.8439522981643677,1.8155622482299805,0.9046709537506104,91981,54.41314110002713,2398,24,..\models\vae\candidates\candidate_066.pt,..\reports\figures\vae\training_curves\candidate_066.csv,[16],[64],[64],128.0
70,multibranch_medium,16,20,0.0005,multi_branch,,0.1,0.001,"(0.3333333333333333, 0.3333333333333333, 0.3333333333333333)",45,0.9044579267501831,0.9044579267501831,0.85273677110672,1.0132508277893066,0.8551048636436462,0.8450180888175964,1.7375669479370117,0.9061955213546753,97501,54.719076900044456,2398,24,..\models\vae\candidates\candidate_070.pt,..\reports\figures\vae\training_curves\candidate_070.csv,[16],[64],[64],128.0
50,multibranch_small,8,20,0.0005,multi_branch,,0.0,0.001,"(0.3333333333333333, 0.3333333333333333, 0.3333333333333333)",48,0.9076067209243774,0.9076067209243774,0.8547232747077942,1.018844485282898,0.8594123721122742,0.8445633053779602,1.7294865846633911,0.9093362092971802,28749,40.62017060001381,2398,24,..\models\vae\candidates\candidate_050.pt,..\reports\figures\vae\training_curves\candidate_050.csv,[8],[32],[32],64.0
7,single_gru_small,16,25,0.0005,single_branch,[64],0.0,0.001,"(0.3333333333333333, 0.3333333333333333, 0.3333333333333333)",50,0.908051073551178,0.908051073551178,0.8853601813316345,0.955780029296875,0.9095331430435181,0.8588398694992065,2.0702321529388428,0.9101213216781616,46173,23.35495989996707,2373,4,..\models\vae\candidates\candidate_007.pt,..\reports\figures\vae\training_curves\candidate_007.csv,,,,
74,multibranch_medium,24,20,0.0005,multi_branch,,0.1,0.001,"(0.3333333333333333, 0.3333333333333333, 0.3333333333333333)",27,0.9086542129516602,0.9086542129516602,0.8556152582168579,1.020218849182129,0.8611932992935181,0.8445504307746887,1.471840739250183,0.9101260304450989,103021,50.91637739998987,2398,24,..\models\vae\candidates\candidate_074.pt,..\reports\figures\vae\training_curves\candidate_074.csv,[16],[64],[64],128.0
15,single_gru_small,32,25,0.0005,single_branch,[64],0.0,0.001,"(0.3333333333333333, 0.3333333333333333, 0.3333333333333333)",43,0.9086998105049133,0.9086998105049133,0.8816680908203125,0.9655595421791077,0.9035617113113403,0.8569781184196472,1.7061622142791748,0.9104059934616089,51325,23.836106700007804,2373,4,..\models\vae\candidates\candidate_015.pt,..\reports\figures\vae\training_curves\candidate_015.csv,,,,
110,multibranch_idio_large,32,20,0.0005,multi_branch,,0.1,0.001,"(0.3333333333333333, 0.3333333333333333, 0.3333333333333333)",20,0.9090253114700317,0.9090253114700317,0.8583440780639648,1.0156303644180298,0.8657585978507996,0.8456868529319763,1.2416337728500366,0.9102669358253479,265213,68.90723670000443,2398,24,..\models\vae\candidates\candidate_110.pt,..\reports\figures\vae\training_curves\candidate_110.csv,[16],[64],"[128, 64]",128.0
3,single_gru_small,8,25,0.0005,single_branch,[64],0.0,0.001,"(0.3333333333333333, 0.3333333333333333, 0.3333333333333333)",49,0.9115387797355652,0.9115387797355652,0.8826682567596436,0.9722663760185242,0.9061304330825806,0.8562194108963013,2.065340995788574,0.9136041402816772,43597,27.18584920000285,2373,4,..\models\vae\candidates\candidate_003.pt,..\reports\figures\vae\training_curves\candidate_003.csv,,,,
91,multibranch_deep,24,25,0.0005,multi_branch,,0.1,0.001,"(0.3333333333333333, 0.3333333333333333, 0.3333333333333333)",41,0.913493275642395,0.913493275642395,0.8819348216056824,0.9798749685287476,0.9033133387565613,0.857291579246521,1.633501648902893,0.9151268005371094,131117,113.63238750002347,2373,4,..\models\vae\candidates\candidate_091.pt,..\reports\figures\vae\training_curves\candidate_091.csv,"[16, 16]","[64, 32]","[64, 32]",128.0
83,multibranch_deep,8,25,0.0005,multi_branch,,0.1,0.001,"(0.3333333333333333, 0.3333333333333333, 0.3333333333333333)",50,0.9178471565246582,0.9178471565246582,0.8821142315864563,0.9930093884468079,0.9039010405540466,0.8566311001777649,1.7734633684158325,0.9196206331253052,123149,113.33183420001296,2373,4,..\models\vae\candidates\candidate_083.pt,..\reports\figures\vae\training_curves\candidate_083.csv,"[16, 16]","[64, 32]","[64, 32]",128.0
75,multibranch_medium,24,25,0.0005,multi_branch,,0.1,0.001,"(0.3333333333333333, 0.3333333333333333, 0.3333333333333333)",50,0.9200090169906616,0.9200090169906616,0.8794978857040405,1.005222201347351,0.8987979292869568,0.8560069799423218,2.0126113891601562,0.9220216274261475,103021,65.6282064000261,2373,4,..\models\vae\candidates\candidate_075.pt,..\reports\figures\vae\training_curves\candidate_075.csv,[16],[64],[64],128.0
87,multibranch_deep,16,25,0.0005,multi_branch,,0.1,0.001,"(0.3333333333333333, 0.3333333333333333, 0.3333333333333333)",30,0.9205765128135681,0.9205765128135681,0.8833581805229187,0.9988629817962646,0.9044119715690613,0.8584544062614441,1.4749207496643066,0.9220514297485352,127133,112.8475004999782,2373,4,..\models\vae\candidates\candidate_087.pt,..\reports\figures\vae\training_curves\candidate_087.csv,"[16, 16]","[64, 32]","[64, 32]",128.0
11,single_gru_small,24,25,0.0005,single_branch,[64],0.0,0.001,"(0.3333333333333333, 0.3333333333333333, 0.3333333333333333)",44,0.920917272567749,0.920917272567749,0.8846956491470337,0.9971073269844055,0.9062891602516174,0.8593552112579346,1.721310019493103,0.9226385951042175,48749,23.955908700008877,2373,4,..\models\vae\candidates\candidate_011.pt,..\reports\figures\vae\training_curves\candidate_011.csv,,,,
107,multibranch_idio_large,24,25,0.0005,multi_branch,,0.1,0.001,"(0.3333333333333333, 0.3333333333333333, 0.3333333333333333)",41,0.9211643934249878,0.9211643934249878,0.881547749042511,1.0044957399368286,0.9023751616477966,0.8566221594810486,1.9157458543777466,0.9230801463127136,259693,108.24668240000028,2373,4,..\models\vae\candidates\candidate_107.pt,..\reports\figures\vae\training_curves\candidate_107.csv,[16],[64],"[128, 64]",128.0
67,multibranch_medium,8,25,0.0005,multi_branch,,0.1,0.001,"(0.3333333333333333, 0.3333333333333333, 0.3333333333333333)",50,0.9243755340576172,0.9243755340576172,0.8819206953048706,1.013676643371582,0.902702808380127,0.8567469716072083,1.6744352579116821,0.9260499477386475,91981,63.916979300032835,2373,4,..\models\vae\candidates\candidate_067.pt,..\reports\figures\vae\training_curves\candidate_067.csv,[16],[64],[64],128.0
103,multibranch_idio_large,16,25,0.0005,multi_branch,,0.1,0.001,"(0.3333333333333333, 0.3333333333333333, 0.3333333333333333)",45,0.9244633913040161,0.9244633913040161,0.8821250796318054,1.0135196447372437,0.9032771587371826,0.8565931916236877,1.6687511205673218,0.9261321425437927,254173,109.18764219997684,2373,4,..\models\vae\candidates\candidate_103.pt,..\reports\figures\vae\training_curves\candidate_103.csv,[16],[64],"[128, 64]",128.0
79,multibranch_medium,32,25,0.0005,multi_branch,,0.1,0.001,"(0.3333333333333333, 0.3333333333333333, 0.3333333333333333)",49,0.9266892075538635,0.9266892075538635,0.8792791962623596,1.0264135599136353,0.8990495800971985,0.8546043038368225,1.6922388076782227,0.9283814430236816,108541,66.78188339999178,2373,4,..\models\vae\candidates\candidate_079.pt,..\reports\figures\vae\training_curves\candidate_079.csv,[16],[64],[64],128.0
63,multibranch_small,32,25,0.0005,multi_branch,,0.0,0.001,"(0.3333333333333333, 0.3333333333333333, 0.3333333333333333)",50,0.9268556833267212,0.9268556833267212,0.8834421634674072,1.0181736946105957,0.9047437906265259,0.8576495051383972,1.7983444929122925,0.9286540150642395,37053,45.15212139999494,2373,4,..\models\vae\candidates\candidate_063.pt,..\reports\figures\vae\training_curves\candidate_063.csv,[8],[32],[32],64.0
95,multibranch_deep,32,25,0.0005,multi_branch,,0.1,0.001,"(0.3333333333333333, 0.3333333333333333, 0.3333333333333333)",45,0.9269731044769287,0.9269731044769287,0.8821393847465515,1.0212783813476562,0.9025773406028748,0.8570634722709656,1.636992335319519,0.92861008644104,135101,112.71626419998938,2373,4,..\models\vae\candidates\candidate_095.pt,..\reports\figures\vae\training_curves\candidate_095.csv,"[16, 16]","[64, 32]","[64, 32]",128.0
111,multibranch_idio_large,32,25,0.0005,multi_branch,,0.1,0.001,"(0.3333333333333333, 0.3333333333333333, 0.3333333333333333)",46,0.9272329807281494,0.9272329807281494,0.8804313540458679,1.0256776809692383,0.8998259902000427,0.8561951518058777,1.7265894412994385,0.9289595484733582,265213,106.243649299955,2373,4,..\models\vae\candidates\candidate_111.pt,..\reports\figures\vae\training_curves\candidate_111.csv,[16],[64],"[128, 64]",128.0
71,multibranch_medium,16,25,0.0005,multi_branch,,0.1,0.001,"(0.3333333333333333, 0.3333333333333333, 0.3333333333333333)",50,0.9282177686691284,0.9282177686691284,0.8822708129882812,1.0248645544052124,0.901296854019165,0.8584917187690735,1.6545345783233643,0.9298722743988037,97501,64.904421299987,2373,4,..\models\vae\candidates\candidate_071.pt,..\reports\figures\vae\training_curves\candidate_071.csv,[16],[64],[64],128.0
59,multibranch_small,24,25,0.0005,multi_branch,,0.0,0.001,"(0.3333333333333333, 0.3333333333333333, 0.3333333333333333)",44,0.9284316301345825,0.9284316301345825,0.8830867409706116,1.023812174797058,0.9027950763702393,0.8586875200271606,1.7294062376022339,0.9301610589027405,34285,44.63505159999477,2373,4,..\models\vae\candidates\candidate_059.pt,..\reports\figures\vae\training_curves\candidate_059.csv,[8],[32],[32],64.0
51,multibranch_small,8,25,0.0005,multi_branch,,0.0,0.001,"(0.3333333333333333, 0.3333333333333333, 0.3333333333333333)",49,0.930599570274353,0.930599570274353,0.8848221302032471,1.0268899202346802,0.9084584712982178,0.8564501404762268,1.6511815786361694,0.9322507381439209,28749,47.552000600029714,2373,4,..\models\vae\candidates\candidate_051.pt,..\reports\figures\vae\training_curves\candidate_051.csv,[8],[32],[32],64.0
99,multibranch_idio_large,8,25,0.0005,multi_branch,,0.1,0.001,"(0.3333333333333333, 0.3333333333333333, 0.3333333333333333)",41,0.933148205280304,0.933148205280304,0.8823256492614746,1.040050745010376,0.9019285440444946,0.8574651479721069,1.405188798904419,0.9345533847808838,248653,107.8305723000085,2373,4,..\models\vae\candidates\candidate_099.pt,..\reports\figures\vae\training_curves\candidate_099.csv,[16],[64],"[128, 64]",128.0
55,multibranch_small,16,25,0.0005,multi_branch,,0.0,0.001,"(0.3333333333333333, 0.3333333333333333, 0.3333333333333333)",44,0.9395078420639038,0.9395078420639038,0.8841760754585266,1.0558953285217285,0.9052830338478088,0.8573449850082397,1.5469568967819214,0.9410548210144043,31517,44.821925099997316,2373,4,..\models\vae\candidates\candidate_055.pt,..\reports\figures\vae\training_curves\candidate_055.csv,[8],[32],[32],64.0
